npm,acc,nom,npa,noa,cbo,amloc,lcom4,dit,noc,accm,_module,loc,_filename,anpm,mmloc,rfc,sc,folder,type
4,1,4,3,15,0,26.75,2,0,0,3.5,AsusAuraSDK,107,"['KeyboardVisualizerCommon/AsusAuraSDK.cpp', 'KeyboardVisualizerCommon/AsusAuraSDK.h']",0.25,49,27,0,KeyboardVisualizer-master,music
4,10,4,8,8,3,21,3,0,0,3.75,CmKeyboard,84,"['KeyboardVisualizerCommon/CmKeyboard.cpp', 'KeyboardVisualizerCommon/CmKeyboard.h']",0.25,46,24,9,KeyboardVisualizer-master,music
3,2,3,0,1,0,7.66666666666667,3,0,0,1,CorsairCKB,23,"['KeyboardVisualizerCommon/CorsairCKBLinux.h', 'KeyboardVisualizerCommon/CorsairCKBLinux.cpp']",0.333333333333333,15,3,0,KeyboardVisualizer-master,music
6,4,6,6,6,4,13.3333333333333,3,0,0,1.66666666666667,CorsairCUE,80,"['KeyboardVisualizerCommon/CorsairCUE.cpp', 'KeyboardVisualizerCommon/CorsairCUE.h']",0.5,35,36,12,KeyboardVisualizer-master,music
13,3,13,0,14,3,34.9230769230769,2,0,0,4.76923076923077,LEDStrip,454,"['KeyboardVisualizerCommon/LEDStrip.h', 'KeyboardVisualizerCommon/LEDStrip.cpp']",2.15384615384615,136,74,6,KeyboardVisualizer-master,music
5,1,5,3,3,2,15,4,0,0,3,LogitechSDK,75,"['KeyboardVisualizerCommon/LogitechSDK.cpp', 'KeyboardVisualizerCommon/LogitechSDK.h']",1,37,14,8,KeyboardVisualizer-master,music
4,2,4,2,2,1,19,4,0,0,1.5,MSIKeyboard,76,"['KeyboardVisualizerCommon/MSIKeyboard.cpp', 'KeyboardVisualizerCommon/MSIKeyboard.h']",0.25,58,6,4,KeyboardVisualizer-master,music
5,2,5,5,5,2,19,4,0,0,2.8,PoseidonZRGBKeyboard,95,"['KeyboardVisualizerCommon/PoseidonZRGBKeyboard.cpp', 'KeyboardVisualizerCommon/PoseidonZRGBKeyboard.h']",1,56,12,8,KeyboardVisualizer-master,music
8,3,8,25,39,5,93.375,7,0,0,14.375,RazerChroma,747,"['KeyboardVisualizerCommon/RazerChroma.cpp', 'KeyboardVisualizerCommon/RazerChroma.h']",2.875,411,43,35,KeyboardVisualizer-master,music
1,2,1,8,8,1,19,1,0,0,4,RazerChromaLinux,19,['KeyboardVisualizerCommon/RazerChromaLinux.cpp'],4,19,2,1,KeyboardVisualizer-master,music
5,2,7,1,2,2,17.4285714285714,3,0,0,2.85714285714286,SteelSeriesGameSense,122,"['KeyboardVisualizerCommon/SteelSeriesGameSense.cpp', 'KeyboardVisualizerCommon/SteelSeriesGameSense.h']",0.428571428571429,35,20,6,KeyboardVisualizer-master,music
3,7,3,0,1,0,11.6666666666667,2,0,0,1.66666666666667,UsbDevice,35,"['KeyboardVisualizerCommon/UsbDevice.h', 'KeyboardVisualizerCommon/UsbDevice.cpp']",1.66666666666667,22,5,0,KeyboardVisualizer-master,music
52,28,53,47,59,16,31.3396226415094,3,0,0,4.81132075471698,Visualizer,1661,"['KeyboardVisualizerCommon/Visualizer.cpp', 'KeyboardVisualizerCommon/Visualizer.h']",1.15094339622642,248,382,48,KeyboardVisualizer-master,music
0,1,0,17,17,0,0,0,0,0,0,settings_pkt_type,0,"['KeyboardVisualizerCommon/Visualizer.h', 'KeyboardVisualizerCommon/Visualizer.cpp']",0,0,0,0,KeyboardVisualizer-master,music
0,19,0,1,1,0,0,0,0,0,0,vis_pixels,0,['KeyboardVisualizerCommon/VisualizerDefines.h'],0,0,0,0,KeyboardVisualizer-master,music
0,4,0,2,2,0,0,0,0,0,0,VisualizerDefines,0,['KeyboardVisualizerCommon/VisualizerDefines.h'],0,0,0,0,KeyboardVisualizer-master,music
7,2,7,2,2,0,27.1428571428571,5,0,0,1.42857142857143,chuck_fft,190,"['KeyboardVisualizerCommon/chuck_fft.c', 'KeyboardVisualizerCommon/chuck_fft.h']",2.42857142857143,77,12,0,KeyboardVisualizer-master,music
0,0,0,2,2,0,0,0,0,0,0,complex,0,['KeyboardVisualizerCommon/chuck_fft.h'],0,0,0,0,KeyboardVisualizer-master,music
2,3,2,0,0,1,35.5,2,0,0,7,hsv,71,"['KeyboardVisualizerCommon/hsv.cpp', 'KeyboardVisualizerCommon/hsv.h']",1.5,37,8,2,KeyboardVisualizer-master,music
0,2,0,3,3,0,0,0,0,0,0,hsv_tag,0,"['KeyboardVisualizerCommon/hsv.h', 'KeyboardVisualizerCommon/hsv.cpp']",0,0,0,0,KeyboardVisualizer-master,music
14,9,14,2,6,0,23.7142857142857,3,0,0,2.92857142857143,net_port,332,"['KeyboardVisualizerCommon/net_port.cpp', 'KeyboardVisualizerCommon/net_port.h']",1.21428571428571,67,37,0,KeyboardVisualizer-master,music
14,3,14,0,3,0,12.2857142857143,4,0,0,1.14285714285714,serial_port,172,"['KeyboardVisualizerCommon/serial_port.h', 'KeyboardVisualizerCommon/serial_port.cpp']",0.714285714285714,85,30,0,KeyboardVisualizer-master,music
0,1,0,3,3,0,0,0,0,0,0,KeyboardVisualizerQT/KeyboardVisDlg,0,['KeyboardVisualizerQT/KeyboardVisDlg.cpp'],0,0,0,0,KeyboardVisualizer-master,music
5,1,5,0,6,4,21.2,3,1,0,1.8,Ui::KeyboardVisDlg,106,"['KeyboardVisualizerQT/KeyboardVisDlg.h', 'KeyboardVisualizerQT/KeyboardVisDlg.cpp']",0.6,73,37,12,KeyboardVisualizer-master,music
4,0,4,2,2,4,78.5,3,0,0,13.25,KeyboardVisualizerQT/main,314,['KeyboardVisualizerQT/main.cpp'],1.75,149,44,12,KeyboardVisualizer-master,music
0,28,0,4,4,0,0,0,0,0,0,KeyboardVisualizerVC/KeyboardVisDlg,0,['KeyboardVisualizerVC/KeyboardVisDlg.cpp'],0,0,0,0,KeyboardVisualizer-master,music
25,1,29,0,1,4,12.3103448275862,28,1,0,1.72413793103448,KeyboardVisDlg,357,"['KeyboardVisualizerVC/KeyboardVisDlg.h', 'KeyboardVisualizerVC/KeyboardVisDlg.cpp']",0.241379310344828,82,152,112,KeyboardVisualizer-master,music
4,13,4,3,3,3,102,1,0,0,15.75,KeyboardVisualizerVC/main,408,['KeyboardVisualizerVC/main.cpp'],2,220,51,3,KeyboardVisualizer-master,music
0,0,0,0,0,0,0,0,0,0,0,resource,0,['KeyboardVisualizerVC/resource.h'],0,0,0,0,KeyboardVisualizer-master,music
1,1,1,1,1,0,1,1,0,0,1,COLOR_MATRIX,1,['dependencies/coolermaster-sdk-160630/SDKDLL.h'],0,1,1,0,KeyboardVisualizer-master,music
15,3,15,0,0,0,1,15,0,0,1,SDKDLL,15,['dependencies/coolermaster-sdk-160630/SDKDLL.h'],1,1,15,0,KeyboardVisualizer-master,music
2,1,2,3,3,0,1,2,0,0,1,KEY_COLOR,2,['dependencies/coolermaster-sdk-160630/SDKDLL.h'],1.5,1,2,0,KeyboardVisualizer-master,music
0,1,0,4,4,0,0,0,0,0,0,CorsairLedColor,0,['dependencies/corsair-cue-1.15.28/include/CUESDK.h'],0,0,0,0,KeyboardVisualizer-master,music
0,1,0,5,5,0,0,0,0,0,0,CorsairLedPosition,0,['dependencies/corsair-cue-1.15.28/include/CUESDK.h'],0,0,0,0,KeyboardVisualizer-master,music
0,4,0,2,2,0,0,0,0,0,0,CorsairLedPositions,0,['dependencies/corsair-cue-1.15.28/include/CUESDK.h'],0,0,0,0,KeyboardVisualizer-master,music
0,0,0,5,5,0,0,0,0,0,0,CorsairProtocolDetails,0,['dependencies/corsair-cue-1.15.28/include/CUESDK.h'],0,0,0,0,KeyboardVisualizer-master,music
10,2,10,0,0,0,1,10,0,0,1,CUESDK,10,['dependencies/corsair-cue-1.15.28/include/CUESDK.h'],1,1,10,0,KeyboardVisualizer-master,music
0,0,0,5,5,0,0,0,0,0,0,CorsairDeviceInfo,0,['dependencies/corsair-cue-1.15.28/include/CUESDK.h'],0,0,0,0,KeyboardVisualizer-master,music
0,0,0,0,0,0,0,0,0,0,0,CUESDKGlobal,0,['dependencies/corsair-cue-1.15.28/include/CUESDKGlobal.h'],0,0,0,0,KeyboardVisualizer-master,music
0,0,0,0,0,0,0,0,0,0,0,CorsairLedIdEnum,0,['dependencies/corsair-cue-1.15.28/include/CorsairLedIdEnum.h'],0,0,0,0,KeyboardVisualizer-master,music
26,2,26,0,0,0,1,26,0,0,1,LogitechLEDLib,26,['dependencies/logitech-gaming-led-sdk/Include/LogitechLEDLib.h'],2.57692307692308,1,26,0,KeyboardVisualizer-master,music
0,0,0,8,8,0,0,0,0,0,0,razer-chroma-0.4.7/inc/RzChromaSDKDefines,0,['dependencies/razer-chroma-0.4.7/inc/RzChromaSDKDefines.h'],0,0,0,0,KeyboardVisualizer-master,music
0,0,0,0,0,0,0,0,0,0,0,razer-chroma-0.4.7/inc/RzChromaSDKTypes,0,['dependencies/razer-chroma-0.4.7/inc/RzChromaSDKTypes.h'],0,0,0,0,KeyboardVisualizer-master,music
0,0,0,0,0,0,0,0,0,0,0,razer-chroma-0.4.7/inc/RzErrors,0,['dependencies/razer-chroma-0.4.7/inc/RzErrors.h'],0,0,0,0,KeyboardVisualizer-master,music
0,0,0,8,8,0,0,0,0,0,0,razer-chroma-0.4.8/inc/RzChromaSDKDefines,0,['dependencies/razer-chroma-0.4.8/inc/RzChromaSDKDefines.h'],0,0,0,0,KeyboardVisualizer-master,music
0,0,0,0,0,0,0,0,0,0,0,razer-chroma-0.4.8/inc/RzChromaSDKTypes,0,['dependencies/razer-chroma-0.4.8/inc/RzChromaSDKTypes.h'],0,0,0,0,KeyboardVisualizer-master,music
0,0,0,0,0,0,0,0,0,0,0,razer-chroma-0.4.8/inc/RzErrors,0,['dependencies/razer-chroma-0.4.8/inc/RzErrors.h'],0,0,0,0,KeyboardVisualizer-master,music
0,0,0,10,10,0,0,0,0,0,0,razer-chroma-1.0.3/inc/RzChromaSDKDefines,0,['dependencies/razer-chroma-1.0.3/inc/RzChromaSDKDefines.h'],0,0,0,0,KeyboardVisualizer-master,music
0,0,0,2,2,0,0,0,0,0,0,ChromaSDK::Keypad::REACTIVE_EFFECT_TYPE,0,['dependencies/razer-chroma-1.0.3/inc/RzChromaSDKTypes.h'],0,0,0,0,KeyboardVisualizer-master,music
0,0,0,4,4,0,0,0,0,0,0,ChromaSDK::Mouse::BREATHING_EFFECT_TYPE,0,['dependencies/razer-chroma-1.0.3/inc/RzChromaSDKTypes.h'],0,0,0,0,KeyboardVisualizer-master,music
0,0,0,1,1,0,0,0,0,0,0,ChromaSDK::Mouse::NO_EFFECT_TYPE,0,['dependencies/razer-chroma-1.0.3/inc/RzChromaSDKTypes.h'],0,0,0,0,KeyboardVisualizer-master,music
0,0,0,1,1,0,0,0,0,0,0,ChromaSDK::Mouse::WAVE_EFFECT_TYPE,0,['dependencies/razer-chroma-1.0.3/inc/RzChromaSDKTypes.h'],0,0,0,0,KeyboardVisualizer-master,music
0,0,0,3,3,0,0,0,0,0,0,ChromaSDK::Keyboard::BREATHING_EFFECT_TYPE,0,['dependencies/razer-chroma-1.0.3/inc/RzChromaSDKTypes.h'],0,0,0,0,KeyboardVisualizer-master,music
0,0,0,1,1,0,0,0,0,0,0,ChromaSDK::Mouse::CUSTOM_EFFECT_TYPE,0,['dependencies/razer-chroma-1.0.3/inc/RzChromaSDKTypes.h'],0,0,0,0,KeyboardVisualizer-master,music
0,0,0,1,1,0,0,0,0,0,0,ChromaSDK::Mousepad::WAVE_EFFECT_TYPE,0,['dependencies/razer-chroma-1.0.3/inc/RzChromaSDKTypes.h'],0,0,0,0,KeyboardVisualizer-master,music
0,0,0,1,1,0,0,0,0,0,0,ChromaSDK::Keypad::WAVE_EFFECT_TYPE,0,['dependencies/razer-chroma-1.0.3/inc/RzChromaSDKTypes.h'],0,0,0,0,KeyboardVisualizer-master,music
0,0,0,10,10,0,0,0,0,0,0,razer-chroma-1.0.3/inc/RzChromaSDKTypes,0,['dependencies/razer-chroma-1.0.3/inc/RzChromaSDKTypes.h'],0,0,0,0,KeyboardVisualizer-master,music
0,0,0,3,3,0,0,0,0,0,0,ChromaSDK::Mouse::REACTIVE_EFFECT_TYPE,0,['dependencies/razer-chroma-1.0.3/inc/RzChromaSDKTypes.h'],0,0,0,0,KeyboardVisualizer-master,music
0,0,0,2,2,0,0,0,0,0,0,ChromaSDK::Mouse::BLINKING_EFFECT_TYPE,0,['dependencies/razer-chroma-1.0.3/inc/RzChromaSDKTypes.h'],0,0,0,0,KeyboardVisualizer-master,music
0,0,0,1,1,0,0,0,0,0,0,ChromaSDK::Headset::BREATHING_EFFECT_TYPE,0,['dependencies/razer-chroma-1.0.3/inc/RzChromaSDKTypes.h'],0,0,0,0,KeyboardVisualizer-master,music
0,0,0,2,2,0,0,0,0,0,0,ChromaSDK::Mouse::STATIC_EFFECT_TYPE,0,['dependencies/razer-chroma-1.0.3/inc/RzChromaSDKTypes.h'],0,0,0,0,KeyboardVisualizer-master,music
0,0,0,3,3,0,0,0,0,0,0,ChromaSDK::Keypad::BREATHING_EFFECT_TYPE,0,['dependencies/razer-chroma-1.0.3/inc/RzChromaSDKTypes.h'],0,0,0,0,KeyboardVisualizer-master,music
0,0,0,1,1,0,0,0,0,0,0,ChromaSDK::Keyboard::STATIC_EFFECT_TYPE,0,['dependencies/razer-chroma-1.0.3/inc/RzChromaSDKTypes.h'],0,0,0,0,KeyboardVisualizer-master,music
0,1,0,1,1,0,0,0,0,0,0,ChromaSDK::Keypad::CUSTOM_EFFECT_TYPE,0,['dependencies/razer-chroma-1.0.3/inc/RzChromaSDKTypes.h'],0,0,0,0,KeyboardVisualizer-master,music
0,0,0,1,1,0,0,0,0,0,0,ChromaSDK::Mouse::CUSTOM_EFFECT_TYPE2,0,['dependencies/razer-chroma-1.0.3/inc/RzChromaSDKTypes.h'],0,0,0,0,KeyboardVisualizer-master,music
0,0,0,2,2,0,0,0,0,0,0,ChromaSDK::DEVICE_INFO_TYPE,0,['dependencies/razer-chroma-1.0.3/inc/RzChromaSDKTypes.h'],0,0,0,0,KeyboardVisualizer-master,music
0,0,0,1,1,0,0,0,0,0,0,ChromaSDK::Mouse::SPECTRUMCYCLING_EFFECT_TYPE,0,['dependencies/razer-chroma-1.0.3/inc/RzChromaSDKTypes.h'],0,0,0,0,KeyboardVisualizer-master,music
0,0,0,2,2,0,0,0,0,0,0,ChromaSDK::Keyboard::REACTIVE_EFFECT_TYPE,0,['dependencies/razer-chroma-1.0.3/inc/RzChromaSDKTypes.h'],0,0,0,0,KeyboardVisualizer-master,music
0,0,0,1,1,0,0,0,0,0,0,ChromaSDK::Keyboard::WAVE_EFFECT_TYPE,0,['dependencies/razer-chroma-1.0.3/inc/RzChromaSDKTypes.h'],0,0,0,0,KeyboardVisualizer-master,music
0,0,0,1,1,0,0,0,0,0,0,ChromaSDK::Headset::STATIC_EFFECT_TYPE,0,['dependencies/razer-chroma-1.0.3/inc/RzChromaSDKTypes.h'],0,0,0,0,KeyboardVisualizer-master,music
0,0,0,1,1,0,0,0,0,0,0,ChromaSDK::Mousepad::CUSTOM_EFFECT_TYPE,0,['dependencies/razer-chroma-1.0.3/inc/RzChromaSDKTypes.h'],0,0,0,0,KeyboardVisualizer-master,music
0,0,0,1,1,0,0,0,0,0,0,ChromaSDK::Keypad::STATIC_EFFECT_TYPE,0,['dependencies/razer-chroma-1.0.3/inc/RzChromaSDKTypes.h'],0,0,0,0,KeyboardVisualizer-master,music
0,0,0,1,1,0,0,0,0,0,0,ChromaSDK::Mousepad::STATIC_EFFECT_TYPE,0,['dependencies/razer-chroma-1.0.3/inc/RzChromaSDKTypes.h'],0,0,0,0,KeyboardVisualizer-master,music
0,1,0,1,1,0,0,0,0,0,0,ChromaSDK::Keyboard::CUSTOM_EFFECT_TYPE,0,['dependencies/razer-chroma-1.0.3/inc/RzChromaSDKTypes.h'],0,0,0,0,KeyboardVisualizer-master,music
0,0,0,3,3,0,0,0,0,0,0,ChromaSDK::Mousepad::BREATHING_EFFECT_TYPE,0,['dependencies/razer-chroma-1.0.3/inc/RzChromaSDKTypes.h'],0,0,0,0,KeyboardVisualizer-master,music
0,0,0,0,0,0,0,0,0,0,0,razer-chroma-1.0.3/inc/RzErrors,0,['dependencies/razer-chroma-1.0.3/inc/RzErrors.h'],0,0,0,0,KeyboardVisualizer-master,music
0,0,0,10,10,0,0,0,0,0,0,razer-chroma-1.0.4/inc/RzChromaSDKDefines,0,['dependencies/razer-chroma-1.0.4/inc/RzChromaSDKDefines.h'],0,0,0,0,KeyboardVisualizer-master,music
0,0,0,0,0,0,0,0,0,0,0,razer-chroma-1.0.4/inc/RzChromaSDKTypes,0,['dependencies/razer-chroma-1.0.4/inc/RzChromaSDKTypes.h'],0,0,0,0,KeyboardVisualizer-master,music
0,0,0,0,0,0,0,0,0,0,0,razer-chroma-1.0.4/inc/RzErrors,0,['dependencies/razer-chroma-1.0.4/inc/RzErrors.h'],0,0,0,0,KeyboardVisualizer-master,music
0,0,0,14,14,0,0,0,0,0,0,razer-chroma-1.1.5/inc/RzChromaSDKDefines,0,['dependencies/razer-chroma-1.1.5/inc/RzChromaSDKDefines.h'],0,0,0,0,KeyboardVisualizer-master,music
0,0,0,0,0,0,0,0,0,0,0,razer-chroma-1.1.5/inc/RzChromaSDKTypes,0,['dependencies/razer-chroma-1.1.5/inc/RzChromaSDKTypes.h'],0,0,0,0,KeyboardVisualizer-master,music
0,0,0,0,0,0,0,0,0,0,0,razer-chroma-1.1.5/inc/RzErrors,0,['dependencies/razer-chroma-1.1.5/inc/RzErrors.h'],0,0,0,0,KeyboardVisualizer-master,music
0,0,0,16,16,0,0,0,0,0,0,razer-chroma-1.2.2/inc/RzChromaSDKDefines,0,['dependencies/razer-chroma-1.2.2/inc/RzChromaSDKDefines.h'],0,0,0,0,KeyboardVisualizer-master,music
0,0,0,0,0,0,0,0,0,0,0,razer-chroma-1.2.2/inc/RzChromaSDKTypes,0,['dependencies/razer-chroma-1.2.2/inc/RzChromaSDKTypes.h'],0,0,0,0,KeyboardVisualizer-master,music
0,0,0,0,0,0,0,0,0,0,0,razer-chroma-1.2.2/inc/RzErrors,0,['dependencies/razer-chroma-1.2.2/inc/RzErrors.h'],0,0,0,0,KeyboardVisualizer-master,music
0,0,0,23,23,0,0,0,0,0,0,razer-chroma-1.5.0/inc/RzChromaSDKDefines,0,['dependencies/razer-chroma-1.5.0/inc/RzChromaSDKDefines.h'],0,0,0,0,KeyboardVisualizer-master,music
0,0,0,0,0,0,0,0,0,0,0,razer-chroma-1.5.0/inc/RzChromaSDKTypes,0,['dependencies/razer-chroma-1.5.0/inc/RzChromaSDKTypes.h'],0,0,0,0,KeyboardVisualizer-master,music
0,0,0,0,0,0,0,0,0,0,0,razer-chroma-1.5.0/inc/RzErrors,0,['dependencies/razer-chroma-1.5.0/inc/RzErrors.h'],0,0,0,0,KeyboardVisualizer-master,music
0,0,0,23,23,0,0,0,0,0,0,razer-chroma-1.5.1/inc/RzChromaSDKDefines,0,['dependencies/razer-chroma-1.5.1/inc/RzChromaSDKDefines.h'],0,0,0,0,KeyboardVisualizer-master,music
0,0,0,0,0,0,0,0,0,0,0,razer-chroma-1.5.1/inc/RzChromaSDKTypes,0,['dependencies/razer-chroma-1.5.1/inc/RzChromaSDKTypes.h'],0,0,0,0,KeyboardVisualizer-master,music
0,0,0,0,0,0,0,0,0,0,0,razer-chroma-1.5.1/inc/RzErrors,0,['dependencies/razer-chroma-1.5.1/inc/RzErrors.h'],0,0,0,0,KeyboardVisualizer-master,music
0,0,0,25,25,0,0,0,0,0,0,razer-chroma-1.8.3/inc/RzChromaSDKDefines,0,['dependencies/razer-chroma-1.8.3/inc/RzChromaSDKDefines.h'],0,0,0,0,KeyboardVisualizer-master,music
0,0,0,0,0,0,0,0,0,0,0,razer-chroma-1.8.3/inc/RzChromaSDKTypes,0,['dependencies/razer-chroma-1.8.3/inc/RzChromaSDKTypes.h'],0,0,0,0,KeyboardVisualizer-master,music
0,0,0,0,0,0,0,0,0,0,0,razer-chroma-1.8.3/inc/RzErrors,0,['dependencies/razer-chroma-1.8.3/inc/RzErrors.h'],0,0,0,0,KeyboardVisualizer-master,music
0,0,0,29,29,0,0,0,0,0,0,razer-chroma-2.3.2/inc/RzChromaSDKDefines,0,['dependencies/razer-chroma-2.3.2/inc/RzChromaSDKDefines.h'],0,0,0,0,KeyboardVisualizer-master,music
0,0,0,3,3,0,0,0,0,0,0,ChromaSDK::STATIC_EFFECT_TYPE,0,['dependencies/razer-chroma-2.3.2/inc/RzChromaSDKTypes.h'],0,0,0,0,KeyboardVisualizer-master,music
0,0,0,3,3,0,0,0,0,0,0,razer-chroma-2.3.2/inc/RzChromaSDKTypes,0,['dependencies/razer-chroma-2.3.2/inc/RzChromaSDKTypes.h'],0,0,0,0,KeyboardVisualizer-master,music
0,0,0,5,5,0,0,0,0,0,0,ChromaSDK::BREATHING_EFFECT_TYPE,0,['dependencies/razer-chroma-2.3.2/inc/RzChromaSDKTypes.h'],0,0,0,0,KeyboardVisualizer-master,music
0,0,0,6,6,0,0,0,0,0,0,ChromaSDK::STARLIGHT_EFFECT_TYPE,0,['dependencies/razer-chroma-2.3.2/inc/RzChromaSDKTypes.h'],0,0,0,0,KeyboardVisualizer-master,music
0,0,0,3,3,0,0,0,0,0,0,ChromaSDK::BLINKING_EFFECT_TYPE,0,['dependencies/razer-chroma-2.3.2/inc/RzChromaSDKTypes.h'],0,0,0,0,KeyboardVisualizer-master,music
0,1,0,3,3,0,0,0,0,0,0,ChromaSDK::CUSTOM_EFFECT_TYPE,0,['dependencies/razer-chroma-2.3.2/inc/RzChromaSDKTypes.h'],0,0,0,0,KeyboardVisualizer-master,music
0,0,0,4,4,0,0,0,0,0,0,ChromaSDK::REACTIVE_EFFECT_TYPE,0,['dependencies/razer-chroma-2.3.2/inc/RzChromaSDKTypes.h'],0,0,0,0,KeyboardVisualizer-master,music
0,0,0,1,1,0,0,0,0,0,0,ChromaSDK::ChromaLink::STATIC_EFFECT_TYPE,0,['dependencies/razer-chroma-2.3.2/inc/RzChromaSDKTypes.h'],0,0,0,0,KeyboardVisualizer-master,music
0,0,0,2,2,0,0,0,0,0,0,ChromaSDK::SPECTRUMCYCLING_EFFECT_TYPE,0,['dependencies/razer-chroma-2.3.2/inc/RzChromaSDKTypes.h'],0,0,0,0,KeyboardVisualizer-master,music
0,0,0,2,2,0,0,0,0,0,0,ChromaSDK::NO_EFFECT_TYPE,0,['dependencies/razer-chroma-2.3.2/inc/RzChromaSDKTypes.h'],0,0,0,0,KeyboardVisualizer-master,music
0,0,0,2,2,0,0,0,0,0,0,ChromaSDK::Keyboard::CUSTOM_KEY_EFFECT_TYPE,0,['dependencies/razer-chroma-2.3.2/inc/RzChromaSDKTypes.h'],0,0,0,0,KeyboardVisualizer-master,music
0,0,0,1,1,0,0,0,0,0,0,ChromaSDK::Headset::CUSTOM_EFFECT_TYPE,0,['dependencies/razer-chroma-2.3.2/inc/RzChromaSDKTypes.h'],0,0,0,0,KeyboardVisualizer-master,music
0,0,0,4,4,0,0,0,0,0,0,ChromaSDK::Keyboard::STARLIGHT_EFFECT_TYPE,0,['dependencies/razer-chroma-2.3.2/inc/RzChromaSDKTypes.h'],0,0,0,0,KeyboardVisualizer-master,music
0,0,0,1,1,0,0,0,0,0,0,ChromaSDK::ChromaLink::CUSTOM_EFFECT_TYPE,0,['dependencies/razer-chroma-2.3.2/inc/RzChromaSDKTypes.h'],0,0,0,0,KeyboardVisualizer-master,music
0,0,0,3,3,0,0,0,0,0,0,ChromaSDK::WAVE_EFFECT_TYPE,0,['dependencies/razer-chroma-2.3.2/inc/RzChromaSDKTypes.h'],0,0,0,0,KeyboardVisualizer-master,music
0,0,0,0,0,0,0,0,0,0,0,razer-chroma-2.3.2/inc/RzErrors,0,['dependencies/razer-chroma-2.3.2/inc/RzErrors.h'],0,0,0,0,KeyboardVisualizer-master,music
4,0,4,0,0,0,1,4,0,0,1,RzChromaLinkAPI,4,['dependencies/razer-chroma-2.6.0/inc/RzChromaLinkAPI.h'],1,1,4,0,KeyboardVisualizer-master,music
14,0,14,0,0,0,1,14,0,0,1,RzChromaSDK,14,['dependencies/razer-chroma-2.6.0/inc/RzChromaSDK.h'],2.14285714285714,1,14,0,KeyboardVisualizer-master,music
0,0,0,29,29,0,0,0,0,0,0,razer-chroma-2.6.0/inc/RzChromaSDKDefines,0,['dependencies/razer-chroma-2.6.0/inc/RzChromaSDKDefines.h'],0,0,0,0,KeyboardVisualizer-master,music
0,0,0,0,0,0,0,0,0,0,0,razer-chroma-2.6.0/inc/RzChromaSDKTypes,0,['dependencies/razer-chroma-2.6.0/inc/RzChromaSDKTypes.h'],0,0,0,0,KeyboardVisualizer-master,music
0,0,0,5,5,0,0,0,0,0,0,ChromaSDK::APPINFOTYPE,0,['dependencies/razer-chroma-2.6.0/inc/RzChromaSDKTypes.h'],0,0,0,0,KeyboardVisualizer-master,music
0,0,0,2,2,0,0,0,0,0,0,ChromaSDK::APPINFOTYPE::Author,0,['dependencies/razer-chroma-2.6.0/inc/RzChromaSDKTypes.h'],0,0,0,0,KeyboardVisualizer-master,music
0,0,0,0,0,0,0,0,0,0,0,razer-chroma-2.6.0/inc/RzErrors,0,['dependencies/razer-chroma-2.6.0/inc/RzErrors.h'],0,0,0,0,KeyboardVisualizer-master,music
17,0,17,0,8,0,1,9,0,0,1,Track,17,"['src/data_models/track.h', 'src/data_models/track.cpp']",0.470588235294118,1,33,0,babe-qt-master,music
9,1,10,0,1,1,9.3,4,0,0,2.4,Tracklist,93,"['src/data_models/tracklist.h', 'src/data_models/tracklist.cpp']",0.7,37,23,4,babe-qt-master,music
61,23,65,0,2,1,14.5076923076923,5,1,0,2.16923076923077,CollectionDB,943,"['src/db/collectionDB.h', 'src/db/collectionDB.cpp']",1.69230769230769,63,151,5,babe-qt-master,music
0,0,0,0,0,0,0,0,0,0,0,collectionDB,0,"['src/db/collectionDB.h', 'src/db/collectionDB.cpp']",0,0,0,0,babe-qt-master,music
0,0,0,1,1,0,0,0,0,0,0,rabbithole,0,['src/db/rabbithole.h'],0,0,0,0,babe-qt-master,music
2,0,2,0,2,0,8,1,1,0,1,About,16,"['src/dialogs/about.h', 'src/dialogs/about.cpp']",0.5,15,4,0,babe-qt-master,music
2,0,2,0,2,0,9,1,1,0,1,metadataForm,18,"['src/dialogs/metadataform.h', 'src/dialogs/metadataform.cpp']",1,17,5,0,babe-qt-master,music
2,0,2,0,0,1,31.5,2,1,0,2,MoodForm,63,"['src/dialogs/moodform.h', 'src/dialogs/moodform.cpp']",0.5,61,5,2,babe-qt-master,music
2,0,3,0,3,0,14.6666666666667,1,1,0,1.33333333333333,PlaylistForm,44,"['src/dialogs/playlistform.h', 'src/dialogs/playlistform.cpp']",1,31,9,0,babe-qt-master,music
1,0,1,1,1,0,4,1,0,0,1,mpris2,4,['src/kde/mpris2.cpp'],1,4,1,0,babe-qt-master,music
39,0,41,0,2,0,2.5609756097561,40,1,0,1.02439024390244,Mpris,105,"['src/kde/mpris2.h', 'src/kde/mpris2.cpp']",0.292682926829268,22,43,0,babe-qt-master,music
4,5,4,0,1,0,9.25,4,1,0,1.5,Notify,37,"['src/kde/notify.h', 'src/kde/notify.cpp']",1.25,22,5,0,babe-qt-master,music
1,0,1,0,0,2,36,1,0,0,4,main,36,['src/main.cpp'],2,36,3,2,babe-qt-master,music
0,0,0,1,1,0,0,0,0,0,0,enums,0,['src/pulpo/enums.h'],0,0,0,0,babe-qt-master,music
5,1,5,0,1,0,16,3,1,0,3,htmlParser,80,"['src/pulpo/htmlparser.h', 'src/pulpo/htmlparser.cpp']",1.6,34,8,0,babe-qt-master,music
9,39,19,0,7,6,10.4210526315789,8,1,6,2.78947368421053,Pulpo,198,"['src/pulpo/pulpo.h', 'src/pulpo/pulpo.cpp']",1.15789473684211,112,43,48,babe-qt-master,music
2,1,8,0,1,1,26.125,8,2,0,4.75,deezer,209,"['src/pulpo/services/deezerService.h', 'src/pulpo/services/deezerService.cpp']",0.75,65,33,8,babe-qt-master,music
2,1,8,0,2,2,40.5,4,2,0,7.375,genius,324,"['src/pulpo/services/geniusService.h', 'src/pulpo/services/geniusService.cpp']",0.75,96,48,8,babe-qt-master,music
2,1,6,0,2,1,65.6666666666667,4,2,0,12.1666666666667,lastfm,394,"['src/pulpo/services/lastfmService.h', 'src/pulpo/services/lastfmService.cpp']",0.5,139,39,4,babe-qt-master,music
2,1,4,0,1,1,26.75,3,2,0,2.75,lyricWikia,107,"['src/pulpo/services/lyricwikiaService.h', 'src/pulpo/services/lyricwikiaService.cpp']",1,42,19,3,babe-qt-master,music
2,1,5,0,2,1,46.8,4,2,0,7.8,musicBrainz,234,"['src/pulpo/services/musicbrainzService.h', 'src/pulpo/services/musicbrainzService.cpp']",0.6,67,30,4,babe-qt-master,music
2,1,5,0,3,1,46.2,5,2,0,7.4,spotify,231,"['src/pulpo/services/spotifyService.h', 'src/pulpo/services/spotifyService.cpp']",0.6,87,32,5,babe-qt-master,music
2,0,3,0,2,0,9,2,1,0,1,webEngine,27,"['src/pulpo/webengine.h', 'src/pulpo/webengine.cpp']",0.666666666666667,19,6,0,babe-qt-master,music
3,1,3,0,2,0,9,1,1,0,1.66666666666667,Socket,27,"['src/services/local/socket.h', 'src/services/local/socket.cpp']",1.33333333333333,14,7,0,babe-qt-master,music
19,1,19,0,2,1,4.89473684210526,19,0,0,1,TagInfo,93,"['src/services/local/taginfo.h', 'src/services/local/taginfo.cpp']",0.421052631578947,7,20,19,babe-qt-master,music
3,1,3,1,2,3,18,3,1,0,2,YouTube,54,"['src/services/web/youtube.h', 'src/services/web/youtube.cpp']",0.666666666666667,52,8,9,babe-qt-master,music
4,0,4,0,5,0,8.25,2,1,0,1.5,FileLoader,33,['src/settings/fileloader.h'],0.25,13,11,0,babe-qt-master,music
4,4,7,2,12,5,26.5714285714286,1,1,0,3.28571428571429,settings,186,"['src/settings/settings.h', 'src/settings/settings.cpp']",0.428571428571429,116,54,5,babe-qt-master,music
5,5,5,0,4,0,6,2,1,0,1.4,AlbumLoader,30,['src/utils/albumloader.h'],0.4,9,12,0,babe-qt-master,music
13,25,13,27,27,0,15.2307692307692,10,0,0,3,bae,198,['src/utils/bae.h'],1.84615384615385,30,20,0,babe-qt-master,music
9,3,9,0,5,1,7,1,1,0,1.66666666666667,Brain,63,"['src/utils/brain.h', 'src/utils/brain.cpp']",0.777777777777778,17,29,1,babe-qt-master,music
3,1,3,0,3,0,7,2,1,0,1,TrackLoader,21,['src/utils/trackloader.h'],0.333333333333333,11,7,0,babe-qt-master,music
9,1,9,3,10,3,21.6666666666667,2,1,0,1.77777777777778,AlbumsView,195,"['src/views/albumsview.h', 'src/views/albumsview.cpp']",1,131,34,6,babe-qt-master,music
8,3,26,1,44,12,49.1153846153846,1,1,0,4.38461538461539,BabeWindow,1277,"['src/views/babewindow.h', 'src/views/babewindow.cpp']",0.615384615384615,297,228,12,babe-qt-master,music
0,0,0,0,0,0,0,0,0,0,0,babewindow,0,"['src/views/babewindow.h', 'src/views/babewindow.cpp']",0,0,0,0,babe-qt-master,music
3,1,3,3,10,1,37,1,1,0,1.66666666666667,InfoView,111,"['src/views/infoview.h', 'src/views/infoview.cpp']",0.666666666666667,99,14,1,babe-qt-master,music
0,0,0,0,0,0,0,0,0,0,0,playlistsview,0,"['src/views/playlistsview.h', 'src/views/playlistsview.cpp']",0,0,0,0,babe-qt-master,music
10,1,12,8,16,5,32.1666666666667,2,1,0,2.5,PlaylistsView,386,"['src/views/playlistsview.h', 'src/views/playlistsview.cpp']",0.5,190,80,10,babe-qt-master,music
5,1,5,3,5,3,23.2,2,1,0,1.6,RabbitView,116,"['src/views/rabbitview.h', 'src/views/rabbitview.cpp']",0.8,78,31,6,babe-qt-master,music
14,4,22,6,18,3,12,4,1,0,2.04545454545455,BabeAlbum,264,"['src/widget_models/babealbum.h', 'src/widget_models/babealbum.cpp']",1,68,81,12,babe-qt-master,music
1,0,1,0,0,0,4,1,0,0,1,babegrid,4,"['src/widget_models/babegrid.h', 'src/widget_models/babegrid.cpp']",2,4,1,0,babe-qt-master,music
7,5,10,6,12,1,21.3,2,1,0,2.5,BabeGrid,213,"['src/widget_models/babegrid.h', 'src/widget_models/babegrid.cpp']",1,67,42,2,babe-qt-master,music
0,0,0,0,0,0,0,0,0,0,0,babetable,0,"['src/widget_models/babetable.h', 'src/widget_models/babetable.cpp']",0,0,0,0,babe-qt-master,music
31,13,36,2,19,3,22.8611111111111,7,1,0,3.08333333333333,BabeTable,823,"['src/widget_models/babetable.h', 'src/widget_models/babetable.cpp']",0.972222222222222,180,114,21,babe-qt-master,music
6,1,11,0,9,0,6.72727272727273,3,1,0,1.63636363636364,ScrollText,74,"['src/widget_models/scrolltext.h', 'src/widget_models/scrolltext.cpp']",0.636363636363636,17,35,0,babe-qt-master,music
14,0,14,2,23,1,14.0714285714286,3,0,0,1.71428571428571,autorally_control::AutorallyPlant,197,['autorally_control/include/autorally_control/path_integral/autorally_plant.h'],0.785714285714286,40,77,3,autorally-master,robotics
0,3,0,18,18,0,0,0,0,0,0,autorally_control::AutorallyPlant::FullState,0,['autorally_control/include/autorally_control/path_integral/autorally_plant.h'],0,0,0,0,autorally-master,robotics
2,0,2,0,0,0,13.5,2,0,0,3,gpu_err_chk,27,['autorally_control/include/autorally_control/path_integral/gpu_err_chk.h'],3,19,2,0,autorally-master,robotics
7,0,7,0,0,0,3,4,0,0,1,meta_math,21,['autorally_control/include/autorally_control/path_integral/meta_math.h'],1.71428571428571,3,10,0,autorally-master,robotics
0,1,0,15,15,0,0,0,0,0,0,autorally_control::SystemParams,0,['autorally_control/include/autorally_control/path_integral/param_getter.h'],0,0,0,0,autorally-master,robotics
1,0,1,0,0,1,17,1,0,0,1,param_getter,17,"['autorally_control/include/autorally_control/path_integral/param_getter.h', 'autorally_control/src/path_integral/param_getter.cpp']",2,17,15,1,autorally-master,robotics
3,0,3,1,5,1,10,1,1,0,2.33333333333333,autorally_control::StatusMonitor,30,['autorally_control/include/autorally_control/path_integral/status_monitor.h'],1,15,17,1,autorally-master,robotics
0,0,0,0,0,0,0,0,0,0,0,ConstantSpeedController,0,['autorally_control/src/ConstantSpeedController/ConstantSpeedController.cpp'],0,0,0,0,autorally-master,robotics
3,0,9,0,25,1,16.1111111111111,5,1,0,2,autorally_control::ConstantSpeedController,145,"['autorally_control/src/ConstantSpeedController/ConstantSpeedController.h', 'autorally_control/src/ConstantSpeedController/ConstantSpeedController.cpp']",0.555555555555556,48,42,5,autorally-master,robotics
1,0,1,0,0,0,7,1,0,0,1,gpsWaypoint,7,"['autorally_control/src/gpsWaypoint/gpsWaypoint.cpp', 'autorally_control/src/gpsWaypoint/gpsWaypoint.h']",2,7,1,0,autorally-master,robotics
2,0,12,0,23,0,20.5833333333333,4,0,0,1.75,autorally_control::GpsWaypoint,247,"['autorally_control/src/gpsWaypoint/gpsWaypoint.h', 'autorally_control/src/gpsWaypoint/gpsWaypoint.cpp']",1.66666666666667,78,59,0,autorally-master,robotics
4,0,4,4,20,0,27.25,2,0,0,3.25,JoystickControl,109,"['autorally_control/src/joystick/JoystickControl.h', 'autorally_control/src/joystick/JoystickControl.cpp']",0.5,61,35,0,autorally-master,robotics
1,0,1,0,0,0,10,1,0,0,1,joystickControlMain,10,['autorally_control/src/joystick/joystickControlMain.cpp'],2,10,1,0,autorally-master,robotics
1,0,1,0,0,0,7,1,0,0,1,status_monitor,7,['autorally_control/src/path_integral/status_monitor.cpp'],2,7,1,0,autorally-master,robotics
12,56,15,0,9,0,10.0666666666667,3,0,4,1.66666666666667,Diagnostics,151,['autorally_core/include/autorally_core/Diagnostics.h'],1.06666666666667,51,48,0,autorally-master,robotics
7,4,7,1,1,3,13.1428571428571,3,0,0,2,PololuMaestro,92,['autorally_core/include/autorally_core/PololuMaestro.h'],1.14285714285714,26,23,9,autorally-master,robotics
11,3,11,0,1,0,11.2727272727273,11,0,0,1,autorally_core::RingBuffer,124,['autorally_core/include/autorally_core/RingBuffer.h'],1,37,11,0,autorally-master,robotics
0,1,0,2,2,0,0,0,0,0,0,autorally_core::SafeSpeed::WheelData,0,['autorally_core/include/autorally_core/SafeSpeed.h'],0,0,0,0,autorally-master,robotics
8,0,11,0,9,3,15.8181818181818,4,1,0,2.09090909090909,autorally_core::SafeSpeed,174,['autorally_core/include/autorally_core/SafeSpeed.h'],0.545454545454545,63,36,12,autorally-master,robotics
0,1,0,2,2,0,0,0,0,0,0,autorally_core::SafeSpeed::SafeSpeedData,0,['autorally_core/include/autorally_core/SafeSpeed.h'],0,0,0,0,autorally-master,robotics
10,19,10,0,3,1,23.8,3,1,2,3.6,SerialCommon,238,['autorally_core/include/autorally_core/SerialCommon.h'],1.6,184,21,3,autorally-master,robotics
14,27,16,1,9,2,14.3125,3,2,0,2.125,SerialInterfaceThreaded,229,['autorally_core/include/autorally_core/SerialInterfaceThreaded.h'],1.1875,65,62,6,autorally-master,robotics
5,2,7,1,6,2,18.7142857142857,3,2,1,2.42857142857143,SerialSensorInterface,131,['autorally_core/include/autorally_core/SerialSensorInterface.h'],1.85714285714286,44,30,6,autorally-master,robotics
2,0,10,0,33,0,21.1,10,1,0,2.9,autorally_core::CameraAutoBalance,211,"['autorally_core/src/CameraAutoBalance/CameraAutoBalance.h', 'autorally_core/src/CameraAutoBalance/CameraAutoBalance.cpp']",1.3,38,10,0,autorally-master,robotics
2,0,5,0,9,0,13.4,3,1,0,1.8,autorally_core::ImageRepublisher,67,"['autorally_core/src/ImageRepublisher/ImageRepublisher.h', 'autorally_core/src/ImageRepublisher/ImageRepublisher.cpp']",0.6,25,22,0,autorally-master,robotics
5,0,5,2,6,2,21,3,0,0,2.8,RunStop,105,"['autorally_core/src/RunStop/RunStop.cpp', 'autorally_core/src/RunStop/RunStop.h']",1,32,24,6,autorally-master,robotics
9,5,9,0,5,0,7.55555555555556,9,0,0,1,BlockingQueue,68,['autorally_core/src/StateEstimator/BlockingQueue.h'],0.333333333333333,15,9,0,autorally-master,robotics
1,0,1,0,0,0,7,1,0,0,1,StateEstimator,7,"['autorally_core/src/StateEstimator/StateEstimator.cpp', 'autorally_core/src/StateEstimator/StateEstimator.h']",2,7,1,0,autorally-master,robotics
10,0,10,0,48,2,60.3,4,1,0,4.6,autorally_core::StateEstimator,603,"['autorally_core/src/StateEstimator/StateEstimator.h', 'autorally_core/src/StateEstimator/StateEstimator.cpp']",1,244,114,8,autorally-master,robotics
1,0,1,0,0,0,7,1,0,0,1,wheel_odometry,7,['autorally_core/src/WheelOdometry/wheel_odometry.cpp'],2,7,1,0,autorally-master,robotics
2,0,5,0,47,0,54.4,2,0,0,4,autorally_core::WheelOdometry,272,"['autorally_core/src/WheelOdometry/wheel_odometry.h', 'autorally_core/src/WheelOdometry/wheel_odometry.cpp']",0.6,193,70,0,autorally-master,robotics
1,1,1,6,6,0,8,1,0,0,1,autorally_core::ArduinoOnboard::ServoSettings,8,"['autorally_core/src/arduino/ArduinoOnboard.h', 'autorally_core/src/arduino/ArduinoOnboard.cpp']",0,8,1,0,autorally-master,robotics
0,0,0,0,0,0,0,0,0,0,0,ArduinoOnboard,0,"['autorally_core/src/arduino/ArduinoOnboard.h', 'autorally_core/src/arduino/ArduinoOnboard.cpp']",0,0,0,0,autorally-master,robotics
3,0,6,0,25,3,49.1666666666667,3,1,0,7.83333333333333,autorally_core::ArduinoOnboard,295,"['autorally_core/src/arduino/ArduinoOnboard.h', 'autorally_core/src/arduino/ArduinoOnboard.cpp']",0.166666666666667,186,56,9,autorally-master,robotics
2,0,12,0,25,4,45.5833333333333,1,1,0,4.66666666666667,autorally_core::AutoRallyChassis,547,"['autorally_core/src/autorally_chassis/AutoRallyChassis.h', 'autorally_core/src/autorally_chassis/AutoRallyChassis.cpp']",0.833333333333333,135,91,4,autorally-master,robotics
1,1,1,4,4,0,6,1,0,0,1,autorally_core::AutoRallyChassis::ActuatorConfig,6,"['autorally_core/src/autorally_chassis/AutoRallyChassis.h', 'autorally_core/src/autorally_chassis/AutoRallyChassis.cpp']",0,6,1,0,autorally-master,robotics
1,0,1,0,0,1,4,1,0,0,1,autorally_core::AutoRallyChassis::priorityComparator,4,"['autorally_core/src/autorally_chassis/AutoRallyChassis.h', 'autorally_core/src/autorally_chassis/AutoRallyChassis.cpp']",2,4,2,1,autorally-master,robotics
0,2,0,2,2,0,0,0,0,0,0,autorally_core::AutoRallyChassis::priorityEntry,0,"['autorally_core/src/autorally_chassis/AutoRallyChassis.h', 'autorally_core/src/autorally_chassis/AutoRallyChassis.cpp']",0,0,0,0,autorally-master,robotics
0,0,0,0,0,0,0,0,0,0,0,AutoRallyChassis,0,"['autorally_core/src/autorally_chassis/AutoRallyChassis.h', 'autorally_core/src/autorally_chassis/AutoRallyChassis.cpp']",0,0,0,0,autorally-master,robotics
0,0,0,0,0,0,0,0,0,0,0,CameraTrigger,0,"['autorally_core/src/camera_trigger/CameraTrigger.h', 'autorally_core/src/camera_trigger/CameraTrigger.cpp']",0,0,0,0,autorally-master,robotics
3,0,6,0,3,2,16.3333333333333,3,1,0,2.83333333333333,autorally_core::CameraTrigger,98,"['autorally_core/src/camera_trigger/CameraTrigger.h', 'autorally_core/src/camera_trigger/CameraTrigger.cpp']",0.5,36,27,6,autorally-master,robotics
7,0,18,0,22,3,55,4,0,0,6.77777777777778,GPSHemisphere,990,"['autorally_core/src/gps/GPSHemisphere.cpp', 'autorally_core/src/gps/GPSHemisphere.h']",1.27777777777778,509,116,12,autorally-master,robotics
6,3,10,0,2,0,23.7,3,1,0,3.7,DiagnosticsEntry,237,"['autorally_core/src/ocs/DiagnosticsEntry.hpp', 'autorally_core/src/ocs/DiagnosticsEntry.cpp']",0.9,66,23,0,autorally-master,robotics
7,2,9,1,2,0,7.44444444444444,3,0,0,1.33333333333333,ImageMaskEntry,67,"['autorally_core/src/ocs/ImageMaskEntry.hpp', 'autorally_core/src/ocs/ImageMaskEntry.cpp']",0.444444444444444,20,20,0,autorally-master,robotics
1,0,1,0,0,0,10,1,0,0,1,main,10,['autorally_core/src/ocs/main.cpp'],2,10,1,0,autorally-master,robotics
5,0,7,0,10,1,21.2857142857143,5,1,0,1.85714285714286,MainWindow,149,"['autorally_core/src/ocs/main_window.hpp', 'autorally_core/src/ocs/main_window.cpp']",1.14285714285714,115,24,5,autorally-master,robotics
16,1,23,6,22,2,16.1304347826087,4,1,0,2.47826086956522,QNode,371,"['autorally_core/src/ocs/qnode.hpp', 'autorally_core/src/ocs/qnode.cpp']",0.869565217391304,61,74,8,autorally-master,robotics
0,2,0,2,2,0,0,0,0,0,0,autorally_core::ServoInterface::priorityEntry,0,"['autorally_core/src/servoInterface/servoInterface.h', 'autorally_core/src/servoInterface/servoInterface.cpp']",0,0,0,0,autorally-master,robotics
1,1,1,6,6,0,8,1,0,0,1,autorally_core::ServoInterface::ServoSettings,8,"['autorally_core/src/servoInterface/servoInterface.h', 'autorally_core/src/servoInterface/servoInterface.cpp']",0,8,1,0,autorally-master,robotics
0,2,0,3,3,0,0,0,0,0,0,autorally_core::ServoInterface::BrakeSetup,0,"['autorally_core/src/servoInterface/servoInterface.h', 'autorally_core/src/servoInterface/servoInterface.cpp']",0,0,0,0,autorally-master,robotics
1,0,1,0,0,1,4,1,0,0,1,autorally_core::ServoInterface::priorityComparator,4,"['autorally_core/src/servoInterface/servoInterface.h', 'autorally_core/src/servoInterface/servoInterface.cpp']",2,4,2,1,autorally-master,robotics
2,1,9,0,12,5,35.6666666666667,2,1,0,4.77777777777778,autorally_core::ServoInterface,321,"['autorally_core/src/servoInterface/servoInterface.h', 'autorally_core/src/servoInterface/servoInterface.cpp']",0.777777777777778,112,60,10,autorally-master,robotics
1,0,1,0,0,1,21,1,0,0,1,servoInterfaceMain,21,['autorally_core/src/servoInterface/servoInterfaceMain.cpp'],2,21,2,1,autorally-master,robotics
3,0,8,0,6,2,27.75,3,0,0,2.875,XbeeCoordinator,222,"['autorally_core/src/xbee/XbeeCoordinator.cpp', 'autorally_core/src/xbee/XbeeCoordinator.h']",1.875,65,32,6,autorally-master,robotics
5,0,5,4,4,0,5.2,3,0,0,1,XbeeCoordinator::RobotState,26,"['autorally_core/src/xbee/XbeeCoordinator.h', 'autorally_core/src/xbee/XbeeCoordinator.cpp']",1,8,12,0,autorally-master,robotics
10,11,23,2,12,3,23.0869565217391,6,0,0,3.04347826086957,XbeeInterface,531,"['autorally_core/src/xbee/XbeeInterface.h', 'autorally_core/src/xbee/XbeeInterface.cpp']",1.1304347826087,73,95,18,autorally-master,robotics
3,0,12,0,18,2,29.3333333333333,3,0,0,3.33333333333333,XbeeNode,352,"['autorally_core/src/xbee/XbeeNode.cpp', 'autorally_core/src/xbee/XbeeNode.h']",1.75,140,67,6,autorally-master,robotics
2,0,2,3,3,0,5.5,1,0,0,1,XbeeNode::Rtcm3Packets,11,"['autorally_core/src/xbee/XbeeNode.h', 'autorally_core/src/xbee/XbeeNode.cpp']",0.5,7,6,0,autorally-master,robotics
2,0,2,0,0,0,2.5,2,1,0,1,DiagnosticsTest,5,['autorally_core/test/diagnosticsTest.cpp'],1,3,2,0,autorally-master,robotics
9,0,9,0,0,1,17.2222222222222,9,0,0,1,diagnosticsTest,155,['autorally_core/test/diagnosticsTest.cpp'],2,23,24,9,autorally-master,robotics
2,0,2,0,0,0,6.5,2,0,0,1,pololuMicroMaestroTest,13,['autorally_core/test/pololuMicroMaestroTest.cpp'],2,8,2,0,autorally-master,robotics
1,0,1,0,0,0,6,1,3,0,1,SerialSensorInterfaceTest,6,['autorally_core/test/serialSensorInterfaceTest.cpp'],3,6,1,0,autorally-master,robotics
4,0,4,0,0,2,7,4,0,0,1,serialSensorInterfaceTest,28,['autorally_core/test/serialSensorInterfaceTest.cpp'],2,10,7,8,autorally-master,robotics
0,0,0,0,0,0,0,0,0,0,0,algorithm_factory,0,['common/algorithm_factory.h'],0,0,0,0,RoboRTS-master,robotics
2,0,3,0,0,1,4,2,0,0,1,rrts::common::AlgorithmRegister,12,['common/algorithm_factory.h'],1.33333333333333,5,5,2,RoboRTS-master,robotics
4,1,5,0,0,0,8.8,2,0,0,1.6,rrts::common::AlgorithmFactory,44,['common/algorithm_factory.h'],1,14,8,0,RoboRTS-master,robotics
0,0,0,0,0,0,0,0,1,0,0,"make_int_sequence< 0, Is... >",0,['common/bind_this.h'],0,0,0,0,RoboRTS-master,robotics
0,0,0,0,0,0,0,0,0,0,0,std::placeholder_template,0,['common/bind_this.h'],0,0,0,0,RoboRTS-master,robotics
0,0,0,0,0,0,0,0,0,0,0,int_sequence,0,['common/bind_this.h'],0,0,0,0,RoboRTS-master,robotics
0,0,0,0,0,0,0,0,1,0,0,std::is_placeholder< placeholder_template< N > >,0,['common/bind_this.h'],0,0,0,0,RoboRTS-master,robotics
0,0,0,0,0,0,0,0,0,0,0,make_int_sequence,0,['common/bind_this.h'],0,0,0,0,RoboRTS-master,robotics
2,0,2,0,0,0,2,2,0,0,1,bind_this,4,['common/bind_this.h'],2.5,2,2,0,RoboRTS-master,robotics
0,0,0,0,0,0,0,0,0,0,0,error_code,0,['common/error_code.h'],0,0,0,0,RoboRTS-master,robotics
9,12,9,0,2,0,2.33333333333333,5,0,0,1.11111111111111,rrts::common::ErrorInfo,21,['common/error_code.h'],0.333333333333333,7,15,0,RoboRTS-master,robotics
3,0,3,0,1,0,6.33333333333333,3,1,0,1.33333333333333,rrts::common::ExampleAlgorithm,19,"['common/example/example_algorithm.h', 'common/example/example_algorithm.cpp']",0.333333333333333,13,3,0,RoboRTS-master,robotics
3,1,3,0,1,0,1,3,0,1,1,rrts::common::ExampleBase,3,['common/example/example_base.h'],0.333333333333333,1,3,0,RoboRTS-master,robotics
1,0,1,0,0,0,38,1,0,0,4,example_client,38,['common/example/example_client.cpp'],2,38,1,0,RoboRTS-master,robotics
1,0,1,0,0,0,1,1,0,0,1,example_node,1,['common/example/example_node.cpp'],2,1,1,0,RoboRTS-master,robotics
2,0,11,0,12,1,14.0909090909091,1,1,0,2.09090909090909,rrts::common::MainTest,155,"['common/example/example_node.h', 'common/example/example_node.cpp']",0.454545454545455,69,46,1,RoboRTS-master,robotics
6,18,6,1,1,0,9.33333333333333,3,0,0,1.33333333333333,io,56,['common/io.h'],2,26,10,0,RoboRTS-master,robotics
2,0,2,0,0,0,5.5,2,0,0,1,rrts::common::GLogWrapper,11,['common/log.h'],0.5,7,2,0,RoboRTS-master,robotics
0,0,0,0,0,0,0,0,0,0,0,log,0,['common/log.h'],0,0,0,0,RoboRTS-master,robotics
0,0,0,0,0,0,0,0,0,0,0,macro,0,['common/macro.h'],0,0,0,0,RoboRTS-master,robotics
1,1,1,0,0,0,5,1,0,0,2,main_interface,5,['common/main_interface.h'],1,5,1,0,RoboRTS-master,robotics
0,0,0,0,0,0,0,0,0,0,0,node_state,0,['common/node_state.h'],0,0,0,0,RoboRTS-master,robotics
3,9,3,0,2,0,2.33333333333333,3,0,9,1,rrts::common::RRTS,7,"['common/rrts.h', 'common/rrts.cpp']",0.666666666666667,5,4,0,RoboRTS-master,robotics
0,0,0,0,0,0,0,0,0,0,0,timer,0,['common/timer.h'],0,0,0,0,RoboRTS-master,robotics
1,0,1,0,0,1,14,1,0,0,1,behavior_decision_sim_node,14,['modules/decision/behavior_tree/behavior_decision_sim_node.cpp'],2,14,2,1,RoboRTS-master,robotics
2,2,6,0,0,2,6.5,5,2,2,2.16666666666667,rrts::decision::PreconditionNode,39,['modules/decision/behavior_tree/behavior_node.h'],0.666666666666667,22,11,10,RoboRTS-master,robotics
2,0,5,0,0,2,9.4,5,2,0,2.6,rrts::decision::SequenceNode,47,['modules/decision/behavior_tree/behavior_node.h'],0.8,20,12,10,RoboRTS-master,robotics
2,0,5,0,4,2,12.8,4,2,0,3.4,rrts::decision::ParallelNode,64,['modules/decision/behavior_tree/behavior_node.h'],1,27,17,8,RoboRTS-master,robotics
6,12,9,0,2,0,2.33333333333333,7,1,3,1,rrts::decision::CompositeNode,21,['modules/decision/behavior_tree/behavior_node.h'],0.777777777777778,5,13,0,RoboRTS-master,robotics
2,0,5,0,0,2,9.6,5,2,0,2.6,rrts::decision::SelectorNode,48,['modules/decision/behavior_tree/behavior_node.h'],0.8,20,12,10,RoboRTS-master,robotics
2,1,5,0,0,0,1.2,5,1,1,1,rrts::decision::ActionNode,6,['modules/decision/behavior_tree/behavior_node.h'],0.6,2,5,0,RoboRTS-master,robotics
3,5,6,0,1,0,1.83333333333333,6,1,1,1,rrts::decision::DecoratorNode,11,['modules/decision/behavior_tree/behavior_node.h'],1,4,7,0,RoboRTS-master,robotics
7,24,10,0,4,0,3.6,5,0,3,1.2,rrts::decision::BehaviorNode,36,['modules/decision/behavior_tree/behavior_node.h'],0.4,14,19,0,RoboRTS-master,robotics
2,1,2,0,3,0,15.5,2,0,0,2,rrts::decision::BehaviorTree,31,['modules/decision/behavior_tree/behavior_tree.h'],1,27,5,0,RoboRTS-master,robotics
10,0,11,0,12,1,6.81818181818182,3,0,0,1.18181818181818,rrts::decision::Blackboard,75,['modules/decision/behavior_tree/blackboard.h'],0.272727272727273,24,32,3,RoboRTS-master,robotics
4,0,4,0,1,1,4.25,4,3,0,1.5,rrts::decision::PatrolBehavior,17,['modules/decision/behavior_tree/condition_behavior.h'],0.5,6,7,4,RoboRTS-master,robotics
4,0,4,0,2,1,5,3,3,0,1.5,rrts::decision::EnemyBehavior,20,['modules/decision/behavior_tree/condition_behavior.h'],0.5,12,8,3,RoboRTS-master,robotics
2,0,6,0,5,1,11,3,2,0,2.5,rrts::decision::PlannerBehavior,66,['modules/decision/behavior_tree/planner_behavior.h'],0.5,29,18,3,RoboRTS-master,robotics
4,1,4,0,0,0,1.5,4,0,1,1,rrts::driver::camera::CameraBase,6,"['modules/driver/camera/camera_base.h', 'modules/driver/camera/camera_base.cpp']",0.5,3,4,0,RoboRTS-master,robotics
5,0,5,0,8,1,8.2,2,1,0,2.2,rrts::driver::camera::CameraNode,41,"['modules/driver/camera/camera_node.h', 'modules/driver/camera/camera_node.cpp']",0.4,16,22,2,RoboRTS-master,robotics
1,0,1,0,0,1,11,1,0,0,1,camera_node_test,11,['modules/driver/camera/camera_node_test.cpp'],2,11,2,1,RoboRTS-master,robotics
5,4,5,0,1,1,12.6,2,0,0,1.2,rrts::driver::camera::CameraParam,63,"['modules/driver/camera/camera_param.h', 'modules/driver/camera/camera_param.cpp']",0.2,53,10,2,RoboRTS-master,robotics
0,0,0,1,1,0,0,0,0,0,0,camera_param,0,"['modules/driver/camera/camera_param.h', 'modules/driver/camera/camera_param.cpp']",0,0,0,0,RoboRTS-master,robotics
0,0,0,16,16,0,0,0,0,0,0,rrts::driver::camera::CameraInfo,0,"['modules/driver/camera/camera_param.h', 'modules/driver/camera/camera_param.cpp']",0,0,0,0,RoboRTS-master,robotics
7,0,7,0,3,1,7.14285714285714,3,1,0,1.42857142857143,rrts::driver::camera::UVCDriver,50,"['modules/driver/camera/uvc/uvc_driver.h', 'modules/driver/camera/uvc/uvc_driver.cpp']",0.714285714285714,18,18,3,RoboRTS-master,robotics
0,0,0,16,16,0,0,0,0,0,0,rrts::driver::serial::__attribute__::@1::@2,0,['modules/driver/serial/infantry_info.h'],0,0,0,0,RoboRTS-master,robotics
0,0,0,5,5,0,0,0,0,0,0,rrts::driver::serial::__attribute__::@0,0,['modules/driver/serial/infantry_info.h'],0,0,0,0,RoboRTS-master,robotics
1,396,1,22,22,0,366,1,0,0,1,infantry_info,366,['modules/driver/serial/infantry_info.h'],1,366,1,0,RoboRTS-master,robotics
0,0,0,1,1,0,0,0,0,0,0,rrts::driver::serial::__attribute__::@1,0,['modules/driver/serial/infantry_info.h'],0,0,0,0,RoboRTS-master,robotics
0,0,0,16,16,0,0,0,0,0,0,@3,0,['modules/driver/serial/infantry_info.h'],0,0,0,0,RoboRTS-master,robotics
1,0,1,97,97,0,378,1,0,0,1,rrts::driver::serial::__attribute__,378,['modules/driver/serial/infantry_info.h'],1,378,1,0,RoboRTS-master,robotics
5,0,23,0,66,3,26.1739130434783,1,1,0,5.30434782608696,rrts::driver::serial::SerialComNode,602,"['modules/driver/serial/serial_com_node.h', 'modules/driver/serial/serial_com_node.cpp']",1.34782608695652,125,156,3,RoboRTS-master,robotics
0,6,0,4,4,0,0,0,0,0,0,serial_com_node,0,"['modules/driver/serial/serial_com_node.h', 'modules/driver/serial/serial_com_node.cpp']",0,0,0,0,RoboRTS-master,robotics
4,1,4,0,0,0,2,4,0,1,1,rrts::perception::detection::ArmorDetectionBase,8,"['modules/perception/detection/armor_detection/armor_detection_base.h', 'modules/perception/detection/armor_detection/armor_detection_base.cpp']",0.75,3,4,0,RoboRTS-master,robotics
1,0,1,0,0,0,53,1,0,0,6,armor_detection_client,53,['modules/perception/detection/armor_detection/armor_detection_client.cpp'],2,53,1,0,RoboRTS-master,robotics
9,0,9,0,17,3,17.1111111111111,1,1,0,3.11111111111111,rrts::perception::detection::ArmorDetectionNode,154,"['modules/perception/detection/armor_detection/armor_detection_node.h', 'modules/perception/detection/armor_detection/armor_detection_node.cpp']",0.222222222222222,49,53,3,RoboRTS-master,robotics
1,0,1,0,0,1,21,1,0,0,3,armor_detection_test,21,['modules/perception/detection/armor_detection/armor_detection_test.cpp'],2,21,2,1,RoboRTS-master,robotics
12,0,12,0,27,6,26.0833333333333,1,1,0,3.91666666666667,rrts::perception::detection::ConstraintSet,313,"['modules/perception/detection/armor_detection/constraint_set/constraint_set.h', 'modules/perception/detection/armor_detection/constraint_set/constraint_set.cpp']",1.66666666666667,51,95,6,RoboRTS-master,robotics
1,2,1,3,3,0,5,1,0,0,1,rrts::perception::detection::ArmorInfo,5,"['modules/perception/detection/armor_detection/constraint_set/constraint_set.h', 'modules/perception/detection/armor_detection/constraint_set/constraint_set.cpp']",3,5,4,0,RoboRTS-master,robotics
0,0,0,0,0,0,0,0,0,0,0,constraint_set,0,"['modules/perception/detection/armor_detection/constraint_set/constraint_set.h', 'modules/perception/detection/armor_detection/constraint_set/constraint_set.cpp']",0,0,0,0,RoboRTS-master,robotics
7,8,7,0,8,1,9.28571428571429,5,0,0,1.71428571428571,rrts::perception::detection::CVToolbox,65,['modules/perception/detection/util/cv_toolbox.h'],1.85714285714286,23,21,5,RoboRTS-master,robotics
3,1,3,0,0,4,11.6666666666667,1,0,0,1,activation_layer,35,"['modules/perception/detection/yolo/src/activation_layer.c', 'modules/perception/detection/yolo/src/activation_layer.h']",2.33333333333333,25,14,4,RoboRTS-master,robotics
32,27,32,0,0,1,6,4,0,0,1.3125,activations,192,"['modules/perception/detection/yolo/src/activations.c', 'modules/perception/detection/yolo/src/activations.h']",1.21875,34,89,4,RoboRTS-master,robotics
5,2,5,0,0,2,12.8,3,0,0,1,avgpool_layer,64,"['modules/perception/detection/yolo/src/avgpool_layer.c', 'modules/perception/detection/yolo/src/avgpool_layer.h']",2.4,27,13,6,RoboRTS-master,robotics
8,8,8,0,0,5,20.25,2,0,0,2.5,batchnorm_layer,162,"['modules/perception/detection/yolo/src/batchnorm_layer.c', 'modules/perception/detection/yolo/src/batchnorm_layer.h']",5,65,34,10,RoboRTS-master,robotics
39,21,39,0,0,3,10.9230769230769,38,0,0,1.20512820512821,blas,426,"['modules/perception/detection/yolo/src/blas.c', 'modules/perception/detection/yolo/src/blas.h']",5.38461538461539,25,70,114,RoboRTS-master,robotics
19,19,19,4,4,2,17.4736842105263,1,0,0,2.89473684210526,box,332,"['modules/perception/detection/yolo/src/box.c', 'modules/perception/detection/yolo/src/box.h', 'modules/perception/detection/yolo/src/darknet.h']",2.15789473684211,50,117,2,RoboRTS-master,robotics
0,7,0,4,4,0,0,0,0,0,0,dbox,0,['modules/perception/detection/yolo/src/box.h'],0,0,0,0,RoboRTS-master,robotics
3,2,3,0,0,2,6,3,0,0,1.33333333333333,c2cpp,18,"['modules/perception/detection/yolo/src/c2cpp.c', 'modules/perception/detection/yolo/src/c2cpp.h']",3.33333333333333,14,11,6,RoboRTS-master,robotics
2,3,2,0,0,0,17.5,1,0,0,3,col2im,35,"['modules/perception/detection/yolo/src/col2im.c', 'modules/perception/detection/yolo/src/col2im.h']",8.5,25,3,0,RoboRTS-master,robotics
6,12,6,0,0,9,35.1666666666667,3,0,0,1.5,connected_layer,211,"['modules/perception/detection/yolo/src/connected_layer.c', 'modules/perception/detection/yolo/src/connected_layer.h']",2.33333333333333,117,35,27,RoboRTS-master,robotics
25,18,25,0,0,10,21.12,7,0,0,2.96,convolutional_layer,528,"['modules/perception/detection/yolo/src/convolutional_layer.c', 'modules/perception/detection/yolo/src/convolutional_layer.h']",2.92,153,114,70,RoboRTS-master,robotics
7,2,7,0,0,4,15.4285714285714,5,0,0,1.85714285714286,cost_layer,108,"['modules/perception/detection/yolo/src/cost_layer.c', 'modules/perception/detection/yolo/src/cost_layer.h']",2,26,28,20,RoboRTS-master,robotics
3,0,3,0,0,1,6.33333333333333,3,0,0,1,cpp2c,19,"['modules/perception/detection/yolo/src/cpp2c.cpp', 'modules/perception/detection/yolo/src/cpp2c.hpp']",1,11,4,3,RoboRTS-master,robotics
5,1,5,0,0,5,32.6,1,0,0,2.6,crnn_layer,163,"['modules/perception/detection/yolo/src/crnn_layer.c', 'modules/perception/detection/yolo/src/crnn_layer.h']",3.4,54,32,5,RoboRTS-master,robotics
6,2,6,0,0,3,15.5,3,0,0,1,crop_layer,93,"['modules/perception/detection/yolo/src/crop_layer.c', 'modules/perception/detection/yolo/src/crop_layer.h']",3.33333333333333,36,16,9,RoboRTS-master,robotics
1,6,1,1,1,0,1,1,0,0,1,cuda,1,['modules/perception/detection/yolo/src/cuda.c'],1,1,1,0,RoboRTS-master,robotics
1,40,1,186,186,1,92,1,0,0,82,layer,92,"['modules/perception/detection/yolo/src/darknet.h', 'modules/perception/detection/yolo/src/layer.c']",1,92,2,1,RoboRTS-master,robotics
0,2,0,2,2,0,0,0,0,0,0,metadata,0,['modules/perception/detection/yolo/src/darknet.h'],0,0,0,0,RoboRTS-master,robotics
5,8,5,9,9,3,25.8,1,0,0,5.2,tree,129,"['modules/perception/detection/yolo/src/darknet.h', 'modules/perception/detection/yolo/src/tree.c', 'modules/perception/detection/yolo/src/tree.h']",3.2,57,29,3,RoboRTS-master,robotics
0,5,0,7,7,0,0,0,0,0,0,augment_args,0,['modules/perception/detection/yolo/src/darknet.h'],0,0,0,0,RoboRTS-master,robotics
69,26,69,8,8,11,21.7101449275362,5,0,0,2.8695652173913,data,1498,"['modules/perception/detection/yolo/src/darknet.h', 'modules/perception/detection/yolo/src/data.c', 'modules/perception/detection/yolo/src/data.h']",4.30434782608696,63,694,55,RoboRTS-master,robotics
46,98,46,54,54,22,14.6521739130435,3,0,0,2.60869565217391,network,674,"['modules/perception/detection/yolo/src/darknet.h', 'modules/perception/detection/yolo/src/network.c', 'modules/perception/detection/yolo/src/network.h']",1.93478260869565,81,317,66,RoboRTS-master,robotics
0,24,0,32,32,0,0,0,0,0,0,load_args,0,['modules/perception/detection/yolo/src/darknet.h'],0,0,0,0,RoboRTS-master,robotics
0,16,0,6,6,0,0,0,0,0,0,detection,0,['modules/perception/detection/yolo/src/darknet.h'],0,0,0,0,RoboRTS-master,robotics
0,10,0,3,3,0,0,0,0,0,0,node,0,['modules/perception/detection/yolo/src/darknet.h'],0,0,0,0,RoboRTS-master,robotics
0,6,0,9,9,0,0,0,0,0,0,box_label,0,['modules/perception/detection/yolo/src/darknet.h'],0,0,0,0,RoboRTS-master,robotics
8,15,8,3,3,2,8.625,7,0,0,1.5,list,69,"['modules/perception/detection/yolo/src/darknet.h', 'modules/perception/detection/yolo/src/list.c', 'modules/perception/detection/yolo/src/list.h']",1.125,16,22,14,RoboRTS-master,robotics
91,66,91,6,6,8,15.021978021978,2,0,0,3.14285714285714,image,1367,"['modules/perception/detection/yolo/src/darknet.h', 'modules/perception/detection/yolo/src/image.c', 'modules/perception/detection/yolo/src/image.h']",2.96703296703297,73,573,16,RoboRTS-master,robotics
0,6,0,9,9,0,0,0,0,0,0,update_args,0,['modules/perception/detection/yolo/src/darknet.h'],0,0,0,0,RoboRTS-master,robotics
12,46,12,3,3,2,14.6666666666667,1,0,0,2.33333333333333,matrix,176,"['modules/perception/detection/yolo/src/darknet.h', 'modules/perception/detection/yolo/src/matrix.c', 'modules/perception/detection/yolo/src/matrix.h']",1.66666666666667,27,53,2,RoboRTS-master,robotics
161,173,161,1,1,25,16.9937888198758,112,0,0,1,darknet,2736,['modules/perception/detection/yolo/src/darknet.h'],2.45962732919255,145,888,2800,RoboRTS-master,robotics
8,1,8,0,0,10,36,3,0,0,1.625,deconvolutional_layer,288,"['modules/perception/detection/yolo/src/deconvolutional_layer.c', 'modules/perception/detection/yolo/src/deconvolutional_layer.h']",2.875,132,46,30,RoboRTS-master,robotics
1,0,1,0,0,0,4,1,0,0,1,demo,4,['modules/perception/detection/yolo/src/demo.c'],15,4,1,0,RoboRTS-master,robotics
4,1,4,0,0,5,59,2,0,0,9,detection_layer,236,"['modules/perception/detection/yolo/src/detection_layer.c', 'modules/perception/detection/yolo/src/detection_layer.h']",4,169,33,10,RoboRTS-master,robotics
4,1,4,0,0,3,12.5,2,0,0,2.5,dropout_layer,50,"['modules/perception/detection/yolo/src/dropout_layer.c', 'modules/perception/detection/yolo/src/dropout_layer.h']",2.25,20,16,6,RoboRTS-master,robotics
9,10,9,0,0,1,16.5555555555556,2,0,0,3.88888888888889,gemm,149,"['modules/perception/detection/yolo/src/gemm.c', 'modules/perception/detection/yolo/src/gemm.h']",9.22222222222222,23,37,2,RoboRTS-master,robotics
5,1,5,0,0,7,38,1,0,0,1.6,gru_layer,190,"['modules/perception/detection/yolo/src/gru_layer.c', 'modules/perception/detection/yolo/src/gru_layer.h']",2.8,88,26,7,RoboRTS-master,robotics
2,6,2,0,0,0,17,1,0,0,1.5,im2col,34,"['modules/perception/detection/yolo/src/im2col.c', 'modules/perception/detection/yolo/src/im2col.h']",8,24,3,0,RoboRTS-master,robotics
3,1,3,0,0,4,11.3333333333333,1,0,0,1,l2norm_layer,34,"['modules/perception/detection/yolo/src/l2norm_layer.c', 'modules/perception/detection/yolo/src/l2norm_layer.h']",2,24,13,4,RoboRTS-master,robotics
8,1,8,0,0,8,22.25,3,0,0,2.375,local_layer,178,"['modules/perception/detection/yolo/src/local_layer.c', 'modules/perception/detection/yolo/src/local_layer.h']",3.375,64,42,24,RoboRTS-master,robotics
3,1,3,0,0,5,12.6666666666667,1,0,0,1.33333333333333,logistic_layer,38,"['modules/perception/detection/yolo/src/logistic_layer.c', 'modules/perception/detection/yolo/src/logistic_layer.h']",2,25,16,5,RoboRTS-master,robotics
5,1,5,0,0,7,73.4,1,0,0,2.4,lstm_layer,367,"['modules/perception/detection/yolo/src/lstm_layer.c', 'modules/perception/detection/yolo/src/lstm_layer.h']",2.8,142,37,7,RoboRTS-master,robotics
6,2,6,0,0,3,19.5,4,0,0,1,maxpool_layer,117,"['modules/perception/detection/yolo/src/maxpool_layer.c', 'modules/perception/detection/yolo/src/maxpool_layer.h']",2.66666666666667,36,18,12,RoboRTS-master,robotics
5,2,5,0,0,4,20,3,0,0,1,normalization_layer,100,"['modules/perception/detection/yolo/src/normalization_layer.c', 'modules/perception/detection/yolo/src/normalization_layer.h']",3.4,33,69,12,RoboRTS-master,robotics
11,22,11,0,0,7,11.3636363636364,2,0,0,2.09090909090909,option_list,125,"['modules/perception/detection/yolo/src/option_list.c', 'modules/perception/detection/yolo/src/option_list.h']",2.27272727272727,27,51,14,RoboRTS-master,robotics
0,4,0,3,3,0,0,0,0,0,0,kvp,0,['modules/perception/detection/yolo/src/option_list.h'],0,0,0,0,RoboRTS-master,robotics
50,5,50,0,0,40,23.82,8,0,0,4.74,parser,1191,"['modules/perception/detection/yolo/src/parser.c', 'modules/perception/detection/yolo/src/parser.h']",2.06,145,493,320,RoboRTS-master,robotics
0,6,0,2,2,0,0,0,0,0,0,section,0,['modules/perception/detection/yolo/src/parser.c'],0,0,0,0,RoboRTS-master,robotics
0,28,0,8,8,0,0,0,0,0,0,size_params,0,['modules/perception/detection/yolo/src/parser.c'],0,0,0,0,RoboRTS-master,robotics
14,4,14,0,0,8,30.1428571428571,4,0,0,3.07142857142857,region_layer,422,"['modules/perception/detection/yolo/src/region_layer.c', 'modules/perception/detection/yolo/src/region_layer.h']",5.35714285714286,164,75,32,RoboRTS-master,robotics
4,2,4,0,0,4,30.25,2,0,0,4.5,reorg_layer,121,"['modules/perception/detection/yolo/src/reorg_layer.c', 'modules/perception/detection/yolo/src/reorg_layer.h']",3.75,49,19,8,RoboRTS-master,robotics
5,1,5,0,0,5,32.4,1,0,0,2.6,rnn_layer,162,"['modules/perception/detection/yolo/src/rnn_layer.c', 'modules/perception/detection/yolo/src/rnn_layer.h']",3,52,33,5,RoboRTS-master,robotics
4,2,4,0,0,4,23.25,2,0,0,2.75,route_layer,93,"['modules/perception/detection/yolo/src/route_layer.c', 'modules/perception/detection/yolo/src/route_layer.h']",2.5,33,21,8,RoboRTS-master,robotics
4,2,4,0,0,6,15.5,2,0,0,1,shortcut_layer,62,"['modules/perception/detection/yolo/src/shortcut_layer.c', 'modules/perception/detection/yolo/src/shortcut_layer.h']",3.75,31,22,12,RoboRTS-master,robotics
4,1,4,0,0,4,12.75,2,0,0,1,softmax_layer,51,"['modules/perception/detection/yolo/src/softmax_layer.c', 'modules/perception/detection/yolo/src/softmax_layer.h']",2.75,27,16,8,RoboRTS-master,robotics
0,0,0,3,3,0,0,0,0,0,0,stbi_io_callbacks,0,['modules/perception/detection/yolo/src/stb_image.h'],0,0,0,0,RoboRTS-master,robotics
40,1,40,0,0,0,1,40,0,0,1,stb_image,40,['modules/perception/detection/yolo/src/stb_image.h'],3.4,1,40,0,RoboRTS-master,robotics
11,2,11,3,3,0,1,11,0,0,1,stb_image_write,11,['modules/perception/detection/yolo/src/stb_image_write.h'],5.45454545454545,1,11,0,RoboRTS-master,robotics
4,2,4,0,0,4,19,2,0,0,1,upsample_layer,76,"['modules/perception/detection/yolo/src/upsample_layer.c', 'modules/perception/detection/yolo/src/upsample_layer.h']",3,36,15,8,RoboRTS-master,robotics
60,54,60,0,0,2,10.4166666666667,38,0,0,2.61666666666667,utils,625,"['modules/perception/detection/yolo/src/utils.c', 'modules/perception/detection/yolo/src/utils.h']",2.13333333333333,30,93,76,RoboRTS-master,robotics
12,4,12,0,0,7,26.5833333333333,2,0,0,2.5,yolo_layer,319,"['modules/perception/detection/yolo/src/yolo_layer.c', 'modules/perception/detection/yolo/src/yolo_layer.h']",5.75,109,70,14,RoboRTS-master,robotics
1,0,1,0,0,0,52,1,0,0,6,yolo_client,52,['modules/perception/detection/yolo/yolo_client.cpp'],2,52,1,0,RoboRTS-master,robotics
9,0,9,0,19,3,15.2222222222222,1,1,0,2.77777777777778,rrts::perception::detection::YOLO,137,"['modules/perception/detection/yolo/yolo_node.hpp', 'modules/perception/detection/yolo/yolo_node.cpp']",0.222222222222222,47,59,3,RoboRTS-master,robotics
0,0,0,3,3,0,0,0,0,0,0,rrts::perception::localization::AmclHyp,0,"['modules/perception/localization/amcl/amcl.h', 'modules/perception/localization/amcl/amcl.cpp']",0,0,0,0,RoboRTS-master,robotics
9,0,18,0,25,6,21.5555555555556,1,0,0,2.72222222222222,rrts::perception::localization::Amcl,388,"['modules/perception/localization/amcl/amcl.h', 'modules/perception/localization/amcl/amcl.cpp']",1.05555555555556,68,106,6,RoboRTS-master,robotics
0,3,0,2,2,0,0,0,0,0,0,rrts::perception::localization::HypPose,0,"['modules/perception/localization/amcl/amcl.h', 'modules/perception/localization/amcl/amcl.cpp']",0,0,0,0,RoboRTS-master,robotics
0,1,0,1,1,0,0,0,0,0,0,amcl,0,"['modules/perception/localization/amcl/amcl.h', 'modules/perception/localization/amcl/amcl.cpp']",0,0,0,0,RoboRTS-master,robotics
1,0,1,0,0,1,6,1,0,0,1,rrts::perception::localization::Comp,6,"['modules/perception/localization/amcl/map/amcl_map.h', 'modules/perception/localization/amcl/map/amcl_map.cpp']",2,6,4,1,RoboRTS-master,robotics
1,2,1,4,4,0,12,1,0,0,3,rrts::perception::localization::CachedDistanceMap,12,"['modules/perception/localization/amcl/map/amcl_map.h', 'modules/perception/localization/amcl/map/amcl_map.cpp']",2,12,3,0,RoboRTS-master,robotics
0,0,0,2,2,0,0,0,0,0,0,rrts::perception::localization::Cell,0,"['modules/perception/localization/amcl/map/amcl_map.h', 'modules/perception/localization/amcl/map/amcl_map.cpp']",0,0,0,0,RoboRTS-master,robotics
2,2,2,5,5,0,4,2,0,0,1,rrts::perception::localization::CellData,8,"['modules/perception/localization/amcl/map/amcl_map.h', 'modules/perception/localization/amcl/map/amcl_map.cpp']",2.5,7,7,0,RoboRTS-master,robotics
12,0,14,0,7,4,11.1428571428571,1,1,0,2.21428571428571,rrts::perception::localization::AmclMap,156,"['modules/perception/localization/amcl/map/amcl_map.h', 'modules/perception/localization/amcl/map/amcl_map.cpp']",1.78571428571429,56,67,4,RoboRTS-master,robotics
0,0,0,0,0,0,0,0,0,0,0,amcl_map,0,"['modules/perception/localization/amcl/map/amcl_map.h', 'modules/perception/localization/amcl/map/amcl_map.cpp']",0,0,0,0,RoboRTS-master,robotics
4,4,4,0,0,1,15,3,0,0,2.5,math,60,"['modules/perception/localization/amcl/math/math.h', 'modules/perception/localization/amcl/math/math.cpp']",2,35,6,3,RoboRTS-master,robotics
0,0,0,0,0,0,0,0,0,0,0,particle_filter,0,"['modules/perception/localization/amcl/particle_filter/particle_filter.h', 'modules/perception/localization/amcl/particle_filter/particle_filter.cpp']",0,0,0,0,RoboRTS-master,robotics
10,0,13,0,14,4,30.4615384615385,2,0,0,3.53846153846154,rrts::perception::localization::ParticleFilter,396,"['modules/perception/localization/amcl/particle_filter/particle_filter.h', 'modules/perception/localization/amcl/particle_filter/particle_filter.cpp']",1.38461538461538,120,81,8,RoboRTS-master,robotics
4,1,4,0,4,2,9.75,2,0,0,2.5,rrts::perception::localization::ParticleFilterGaussianPdf,39,"['modules/perception/localization/amcl/particle_filter/particle_filter_gaussian_pdf.h', 'modules/perception/localization/amcl/particle_filter/particle_filter_gaussian_pdf.cpp']",0.75,19,14,4,RoboRTS-master,robotics
0,5,0,9,9,0,0,0,0,0,0,rrts::perception::localization::ParticleFilterKDTreeNode,0,"['modules/perception/localization/amcl/particle_filter/particle_filter_kdtree.h', 'modules/perception/localization/amcl/particle_filter/particle_filter_kdtree.cpp']",0,0,0,0,RoboRTS-master,robotics
7,1,11,0,6,1,18.1818181818182,1,0,0,3,rrts::perception::localization::ParticleFilterKDTree,200,"['modules/perception/localization/amcl/particle_filter/particle_filter_kdtree.h', 'modules/perception/localization/amcl/particle_filter/particle_filter_kdtree.cpp']",1.27272727272727,64,60,1,RoboRTS-master,robotics
0,0,0,9,9,0,0,0,0,0,0,rrts::perception::localization::ParticleFilterSampleSet,0,['modules/perception/localization/amcl/particle_filter/particle_filter_sample.h'],0,0,0,0,RoboRTS-master,robotics
2,1,2,6,6,0,5.5,1,0,0,1,rrts::perception::localization::ParticleFilterCluster,11,['modules/perception/localization/amcl/particle_filter/particle_filter_sample.h'],0,8,9,0,RoboRTS-master,robotics
2,1,2,2,2,0,3.5,1,0,0,1,rrts::perception::localization::ParticleFilterSample,7,['modules/perception/localization/amcl/particle_filter/particle_filter_sample.h'],0,4,5,0,RoboRTS-master,robotics
1,2,1,1,1,0,1,1,0,2,1,rrts::perception::localization::SensorData,1,"['modules/perception/localization/amcl/sensors/sensor_base.h', 'modules/perception/localization/amcl/sensors/sensor_base.cpp']",0,1,1,0,RoboRTS-master,robotics
4,3,4,1,1,0,3,4,0,2,1,rrts::perception::localization::SensorBase,12,"['modules/perception/localization/amcl/sensors/sensor_base.h', 'modules/perception/localization/amcl/sensors/sensor_base.cpp']",1,3,4,0,RoboRTS-master,robotics
5,0,6,0,17,5,46.3333333333333,1,1,0,6,rrts::perception::localization::SensorLaser,278,"['modules/perception/localization/amcl/sensors/sensor_laser.h', 'modules/perception/localization/amcl/sensors/sensor_laser.cpp']",2.83333333333333,186,46,5,RoboRTS-master,robotics
2,2,2,3,3,0,3,1,1,0,1,rrts::perception::localization::SensorLaserData,6,"['modules/perception/localization/amcl/sensors/sensor_laser.h', 'modules/perception/localization/amcl/sensors/sensor_laser.cpp']",0,3,4,0,RoboRTS-master,robotics
0,1,0,2,2,0,0,0,1,0,0,rrts::perception::localization::SensorOdomData,0,"['modules/perception/localization/amcl/sensors/sensor_odom.h', 'modules/perception/localization/amcl/sensors/sensor_odom.cpp']",0,0,0,0,RoboRTS-master,robotics
3,0,3,0,7,2,17.3333333333333,2,1,0,1.33333333333333,rrts::perception::localization::SensorOdom,52,"['modules/perception/localization/amcl/sensors/sensor_odom.h', 'modules/perception/localization/amcl/sensors/sensor_odom.cpp']",2.33333333333333,41,17,4,RoboRTS-master,robotics
1,0,1,0,0,0,53,1,0,0,6,localization_client,53,['modules/perception/localization/localization_client.cpp'],2,53,1,0,RoboRTS-master,robotics
1,0,1,0,0,0,1,1,0,0,1,localization_node,1,['modules/perception/localization/localization_node.cpp'],2,1,1,0,RoboRTS-master,robotics
4,0,17,0,33,3,23.6470588235294,1,1,0,2.76470588235294,rrts::perception::localization::LocalizationNode,402,"['modules/perception/localization/localization_node.h', 'modules/perception/localization/localization_node.cpp']",1.11764705882353,64,113,3,RoboRTS-master,robotics
2,0,2,0,3,2,4,2,0,0,1,rrts::perception::map::Costmap2D::PolygonOutlineCells,8,"['modules/perception/map/costmap/costmap_2d.h', 'modules/perception/map/costmap/costmap_2d.cpp']",2,5,7,4,RoboRTS-master,robotics
0,3,0,2,2,0,0,0,0,0,0,rrts::perception::map::MapLocation,0,"['modules/perception/map/costmap/costmap_2d.h', 'modules/perception/map/costmap/costmap_2d.cpp']",0,0,0,0,RoboRTS-master,robotics
33,34,40,0,8,2,9.225,1,0,1,1.825,rrts::perception::map::Costmap2D,369,"['modules/perception/map/costmap/costmap_2d.h', 'modules/perception/map/costmap/costmap_2d.cpp']",2.15,52,156,2,RoboRTS-master,robotics
2,0,2,0,2,0,2.5,2,0,0,1,rrts::perception::map::Costmap2D::MarkCell,5,"['modules/perception/map/costmap/costmap_2d.h', 'modules/perception/map/costmap/costmap_2d.cpp']",1.5,3,4,0,RoboRTS-master,robotics
0,2,0,4,4,0,0,0,0,0,0,rrts::perception::map::RobotPose,0,"['modules/perception/map/costmap/costmap_interface.h', 'modules/perception/map/costmap/costmap_interface.cpp']",0,0,0,0,RoboRTS-master,robotics
28,0,31,0,37,8,13.3548387096774,2,0,0,2.29032258064516,rrts::perception::map::CostmapInterface,414,"['modules/perception/map/costmap/costmap_interface.h', 'modules/perception/map/costmap/costmap_interface.cpp']",0.548387096774194,74,201,16,RoboRTS-master,robotics
3,11,9,0,5,4,12.6666666666667,8,1,2,3.11111111111111,rrts::perception::map::CostmapLayer,114,"['modules/perception/map/costmap/costmap_layer.h', 'modules/perception/map/costmap/costmap_layer.cpp']",3.77777777777778,28,45,32,RoboRTS-master,robotics
7,15,7,0,0,1,7.71428571428571,4,0,0,1.85714285714286,costmap_math,54,"['modules/perception/map/costmap/costmap_math.cpp', 'modules/perception/map/costmap/costmap_math.h']",2.71428571428571,25,18,4,RoboRTS-master,robotics
13,7,13,0,0,2,7.15384615384615,11,0,0,1.53846153846154,footprint,93,"['modules/perception/map/costmap/footprint.cpp', 'modules/perception/map/costmap/footprint.h']",2.07692307692308,26,24,22,RoboRTS-master,robotics
1,1,1,5,5,0,3,1,0,0,1,rrts::perception::map::CellData,3,"['modules/perception/map/costmap/inflation_layer.h', 'modules/perception/map/costmap/inflation_layer.cpp']",5,3,1,0,RoboRTS-master,robotics
10,0,18,0,18,6,15.6666666666667,3,1,0,2.94444444444444,rrts::perception::map::InflationLayer,282,"['modules/perception/map/costmap/inflation_layer.h', 'modules/perception/map/costmap/inflation_layer.cpp']",1.88888888888889,89,108,18,RoboRTS-master,robotics
13,28,14,0,7,1,1.92857142857143,11,0,2,1,rrts::perception::map::Layer,27,"['modules/perception/map/costmap/layer.h', 'modules/perception/map/costmap/layer.cpp']",1.07142857142857,6,22,11,RoboRTS-master,robotics
22,21,22,0,19,2,6.40909090909091,3,0,0,1.5,rrts::perception::map::CostmapLayers,141,"['modules/perception/map/costmap/layered_costmap.h', 'modules/perception/map/costmap/layered_costmap.cpp']",1.04545454545455,47,79,6,RoboRTS-master,robotics
0,0,0,4,4,0,0,0,0,0,0,map_common,0,['modules/perception/map/costmap/map_common.h'],0,0,0,0,RoboRTS-master,robotics
5,4,5,4,4,0,4.6,5,0,0,1,rrts::perception::map::Observation,23,['modules/perception/map/costmap/observation.h'],1.4,6,6,0,RoboRTS-master,robotics
10,0,11,0,14,1,18.3636363636364,5,0,0,2.27272727272727,rrts::perception::map::ObservationBuffer,202,"['modules/perception/map/costmap/observation_buffer.h', 'modules/perception/map/costmap/observation_buffer.cpp']",1.36363636363636,67,39,5,RoboRTS-master,robotics
10,0,15,0,14,8,22.5333333333333,4,2,0,3.4,rrts::perception::map::ObstacleLayer,338,"['modules/perception/map/costmap/obstacle_layer.h', 'modules/perception/map/costmap/obstacle_layer.cpp']",2.6,71,100,32,RoboRTS-master,robotics
9,0,11,0,18,5,14.6363636363636,4,2,0,3,rrts::perception::map::StaticLayer,161,"['modules/perception/map/costmap/static_layer.h', 'modules/perception/map/costmap/static_layer.cpp']",1.27272727272727,38,100,20,RoboRTS-master,robotics
1,0,1,0,0,0,15,1,0,0,1,test_costmap,15,['modules/perception/map/costmap/test_costmap.cpp'],2,15,1,0,RoboRTS-master,robotics
1,0,1,0,0,1,3,1,0,0,1,rrts::planning::global_planner::AStarPlanner::Compare,3,"['modules/planning/global_planner/a_star_planner/a_star_planner.h', 'modules/planning/global_planner/a_star_planner/a_star_planner.cpp']",2,3,2,1,RoboRTS-master,robotics
3,1,7,0,9,3,25.5714285714286,1,1,0,3.28571428571429,rrts::planning::global_planner::AStarPlanner,179,"['modules/planning/global_planner/a_star_planner/a_star_planner.h', 'modules/planning/global_planner/a_star_planner/a_star_planner.cpp']",2.14285714285714,89,30,3,RoboRTS-master,robotics
3,3,3,0,1,0,1.66666666666667,3,0,1,1,rrts::planning::global_planner::GlobalPlannerBase,5,['modules/planning/global_planner/global_planner_base.h'],1.33333333333333,3,3,0,RoboRTS-master,robotics
1,0,1,0,0,0,6,1,0,0,1,global_planner_client,6,['modules/planning/global_planner/global_planner_client.cpp'],2,6,1,0,RoboRTS-master,robotics
7,0,7,0,5,0,6.71428571428571,1,0,0,1.71428571428571,GlobalPlannerClient,47,['modules/planning/global_planner/global_planner_client.cpp'],0.571428571428571,13,21,0,RoboRTS-master,robotics
2,0,16,0,22,2,16.125,1,1,0,2.4375,rrts::planning::global_planner::GlobalPlannerNode,258,"['modules/planning/global_planner/global_planner_node.h', 'modules/planning/global_planner/global_planner_node.cpp']",0.625,75,82,2,RoboRTS-master,robotics
15,41,15,0,2,0,4.06666666666667,2,0,0,1.13333333333333,rrts::planning::local_planner::DataBase,61,['modules/planning/local_planner/data_base.h'],0.8,8,36,0,RoboRTS-master,robotics
6,0,6,0,0,2,6.66666666666667,5,0,0,1.16666666666667,rrts::planning::local_planner::DataConverter,40,['modules/planning/local_planner/data_converter.h'],1.33333333333333,9,11,10,RoboRTS-master,robotics
7,15,7,0,0,1,22.4285714285714,1,0,0,4.14285714285714,distance_calculation,157,['modules/planning/local_planner/distance_calculation.h'],3.14285714285714,38,15,1,RoboRTS-master,robotics
10,1,10,0,17,0,5.5,6,0,0,1.2,rrts::planning::local_planner::FastLineIterator,55,['modules/planning/local_planner/line_iterator.h'],0.4,33,38,0,RoboRTS-master,robotics
3,0,3,2,2,0,11.3333333333333,1,0,0,2,local_client,34,['modules/planning/local_planner/local_client.cpp'],1,17,9,0,RoboRTS-master,robotics
0,0,0,0,0,0,0,0,0,0,0,local_planner_base,0,['modules/planning/local_planner/local_planner_base.h'],0,0,0,0,RoboRTS-master,robotics
6,1,7,1,1,0,1,7,0,1,1,rrts::planning::local_planner::LocalPlannerBase,7,['modules/planning/local_planner/local_planner_base.h'],1,1,7,0,RoboRTS-master,robotics
1,0,1,0,0,0,1,1,0,0,1,local_planner_node,1,['modules/planning/local_planner/local_planner_node.cpp'],2,1,1,0,RoboRTS-master,robotics
12,0,12,0,19,2,14.75,1,1,0,2.66666666666667,rrts::planning::local_planner::LocalPlannerNode,177,"['modules/planning/local_planner/local_planner_node.h', 'modules/planning/local_planner/local_planner_node.cpp']",0.416666666666667,67,63,2,RoboRTS-master,robotics
0,0,0,0,0,0,0,0,0,0,0,local_visualization,0,"['modules/planning/local_planner/local_visualization.h', 'modules/planning/local_planner/local_visualization.cpp']",0,0,0,0,RoboRTS-master,robotics
4,0,4,0,4,2,10.25,2,0,0,1.5,rrts::planning::local_planner::LocalVisualization,41,"['modules/planning/local_planner/local_visualization.h', 'modules/planning/local_planner/local_visualization.cpp']",1.25,24,16,4,RoboRTS-master,robotics
14,9,14,0,2,0,1.35714285714286,12,0,3,1,rrts::planning::local_planner::Obstacle,19,['modules/planning/local_planner/obstacle.h'],0.857142857142857,4,18,0,RoboRTS-master,robotics
16,1,18,0,3,2,10.2777777777778,1,1,0,2.38888888888889,rrts::planning::local_planner::PolygonObstacle,185,['modules/planning/local_planner/obstacle.h'],0.722222222222222,57,54,2,RoboRTS-master,robotics
13,2,13,0,1,1,3.61538461538462,4,1,0,1.15384615384615,rrts::planning::local_planner::PointObstacle,47,['modules/planning/local_planner/obstacle.h'],1.07692307692308,14,26,4,RoboRTS-master,robotics
0,0,0,0,0,0,0,0,0,0,0,obstacle,0,['modules/planning/local_planner/obstacle.h'],0,0,0,0,RoboRTS-master,robotics
16,1,17,0,3,1,4,1,1,0,1,rrts::planning::local_planner::LineObstacle,68,['modules/planning/local_planner/obstacle.h'],1.11764705882353,9,53,1,RoboRTS-master,robotics
6,2,6,0,5,0,7,2,0,0,1.33333333333333,rrts::planning::local_planner::OdomInfo,42,"['modules/planning/local_planner/odom_info.h', 'modules/planning/local_planner/odom_info.cpp']",0.666666666666667,15,15,0,RoboRTS-master,robotics
0,0,0,0,0,0,0,0,0,0,0,optimal_base,0,['modules/planning/local_planner/optimal_base.h'],0,0,0,0,RoboRTS-master,robotics
10,1,10,0,0,0,2,10,0,1,1,rrts::planning::local_planner::OptimalBase,20,['modules/planning/local_planner/optimal_base.h'],2.1,3,10,0,RoboRTS-master,robotics
0,0,0,0,0,0,0,0,0,0,0,robot_footprint_model,0,['modules/planning/local_planner/robot_footprint_model.h'],0,0,0,0,RoboRTS-master,robotics
5,0,5,0,4,2,4.6,3,1,0,1,rrts::planning::local_planner::TwoCirclesRobotFootprint,23,['modules/planning/local_planner/robot_footprint_model.h'],2,6,20,6,RoboRTS-master,robotics
7,0,7,0,2,2,4.57142857142857,3,1,0,1,rrts::planning::local_planner::LineRobotFootprint,32,['modules/planning/local_planner/robot_footprint_model.h'],1.42857142857143,12,18,6,RoboRTS-master,robotics
4,0,4,0,0,2,1.5,4,1,0,1,rrts::planning::local_planner::PointRobotFootprint,6,['modules/planning/local_planner/robot_footprint_model.h'],0.5,3,6,8,RoboRTS-master,robotics
5,0,5,0,1,3,7,3,1,0,1.6,rrts::planning::local_planner::PolygonRobotFootprint,35,['modules/planning/local_planner/robot_footprint_model.h'],0.8,19,12,9,RoboRTS-master,robotics
4,7,4,0,0,0,1.5,4,0,5,1,rrts::planning::local_planner::BaseRobotFootprintModel,6,['modules/planning/local_planner/robot_footprint_model.h'],0.5,2,4,0,RoboRTS-master,robotics
5,0,5,0,1,2,1.4,3,1,0,1,rrts::planning::local_planner::CircularRobotFootprint,7,['modules/planning/local_planner/robot_footprint_model.h'],0.8,3,10,6,RoboRTS-master,robotics
7,1,7,0,1,5,19.4285714285714,3,0,0,3.57142857142857,rrts::planning::local_planner::RobotPositionCost,136,"['modules/planning/local_planner/robot_position_cost.h', 'modules/planning/local_planner/robot_position_cost.cpp']",2.57142857142857,55,27,15,RoboRTS-master,robotics
1,3,1,4,4,0,74,1,0,0,13,robot_position_cost,74,"['modules/planning/local_planner/robot_position_cost.h', 'modules/planning/local_planner/robot_position_cost.cpp']",1,74,1,0,RoboRTS-master,robotics
6,5,6,8,8,2,23.6666666666667,1,0,0,1.66666666666667,test_optim_node,142,['modules/planning/local_planner/test_optim_node.cpp'],2.16666666666667,64,24,2,RoboRTS-master,robotics
3,1,3,0,0,4,13.6666666666667,3,1,0,1,rrts::planning::local_planner::AccelerationHolonomicStartEdge,41,['modules/planning/local_planner/timed_elastic_band/teb_acceleration_eage.h'],0.333333333333333,34,10,12,RoboRTS-master,robotics
2,0,2,0,0,4,23.5,2,1,0,1,rrts::planning::local_planner::AccelerationHolonomicEdge,47,['modules/planning/local_planner/timed_elastic_band/teb_acceleration_eage.h'],0,44,9,8,RoboRTS-master,robotics
3,1,3,0,0,5,12.3333333333333,3,1,0,1.33333333333333,rrts::planning::local_planner::AccelerationStartEdge,37,['modules/planning/local_planner/timed_elastic_band/teb_acceleration_eage.h'],0.333333333333333,30,11,15,RoboRTS-master,robotics
3,1,3,0,0,5,12.6666666666667,3,1,0,1.33333333333333,rrts::planning::local_planner::AccelerationGoalEdge,38,['modules/planning/local_planner/timed_elastic_band/teb_acceleration_eage.h'],0.333333333333333,31,11,15,RoboRTS-master,robotics
3,1,3,0,0,4,13.6666666666667,3,1,0,1,rrts::planning::local_planner::AccelerationHolonomicGoalEdge,41,['modules/planning/local_planner/timed_elastic_band/teb_acceleration_eage.h'],0.333333333333333,34,10,12,RoboRTS-master,robotics
2,0,2,0,0,5,24,2,1,0,2.5,rrts::planning::local_planner::AccelerationEdge,48,['modules/planning/local_planner/timed_elastic_band/teb_acceleration_eage.h'],0,45,10,10,RoboRTS-master,robotics
6,3,6,0,1,0,3.66666666666667,6,1,0,1,rrts::planning::local_planner::TebBinaryEdgeBase,22,['modules/planning/local_planner/timed_elastic_band/teb_base_eage.h'],0.5,6,6,0,RoboRTS-master,robotics
7,3,7,0,1,0,4,7,1,0,1,rrts::planning::local_planner::TebMultiEdgeBase,28,['modules/planning/local_planner/timed_elastic_band/teb_base_eage.h'],0.571428571428571,6,7,0,RoboRTS-master,robotics
6,2,6,0,1,0,3.5,6,1,0,1,rrts::planning::local_planner::TebUnaryEdgeBase,21,['modules/planning/local_planner/timed_elastic_band/teb_base_eage.h'],0.5,5,6,0,RoboRTS-master,robotics
2,0,2,0,0,3,12,2,1,0,2,rrts::planning::local_planner::KinematicsCarlikeEdge,24,['modules/planning/local_planner/timed_elastic_band/teb_kinematics_edge.h'],0,21,7,6,RoboRTS-master,robotics
0,0,0,0,0,0,0,0,0,0,0,teb_kinematics_edge,0,['modules/planning/local_planner/timed_elastic_band/teb_kinematics_edge.h'],0,0,0,0,RoboRTS-master,robotics
3,0,3,0,0,4,17,3,1,0,1,rrts::planning::local_planner::KinematicsDiffDriveEdge,51,['modules/planning/local_planner/timed_elastic_band/teb_kinematics_edge.h'],0,35,12,12,RoboRTS-master,robotics
20,0,20,42,43,10,27.95,5,1,0,3.8,rrts::planning::local_planner::TebLocalPlanner,559,"['modules/planning/local_planner/timed_elastic_band/teb_local_planner.h', 'modules/planning/local_planner/timed_elastic_band/teb_local_planner.cpp']",1.25,129,156,50,RoboRTS-master,robotics
5,2,5,0,1,3,4.6,3,1,0,1,rrts::planning::local_planner::ObstacleEdge,23,['modules/planning/local_planner/timed_elastic_band/teb_obstacle_eage.h'],1,9,13,9,RoboRTS-master,robotics
5,2,5,0,1,3,4.8,3,1,0,1,rrts::planning::local_planner::InflatedObstacleEdge,24,['modules/planning/local_planner/timed_elastic_band/teb_obstacle_eage.h'],1,10,13,9,RoboRTS-master,robotics
29,0,44,0,17,17,22.1363636363636,5,1,0,3.63636363636364,rrts::planning::local_planner::TebOptimal,974,"['modules/planning/local_planner/timed_elastic_band/teb_optimal.h', 'modules/planning/local_planner/timed_elastic_band/teb_optimal.cpp']",1.34090909090909,100,276,85,RoboRTS-master,robotics
0,0,0,0,0,0,0,0,0,0,0,teb_optimal,0,"['modules/planning/local_planner/timed_elastic_band/teb_optimal.h', 'modules/planning/local_planner/timed_elastic_band/teb_optimal.cpp']",0,0,0,0,RoboRTS-master,robotics
6,14,6,0,0,0,9.5,6,0,0,2.66666666666667,teb_penalties,57,['modules/planning/local_planner/timed_elastic_band/teb_penalties.h'],3.33333333333333,13,6,0,RoboRTS-master,robotics
5,1,5,0,0,3,2.8,5,1,0,1,rrts::planning::local_planner::PreferRotDirEdge,14,['modules/planning/local_planner/timed_elastic_band/teb_prefer_rotdir_edge.h'],0.2,6,8,15,RoboRTS-master,robotics
0,0,0,0,0,0,0,0,0,0,0,teb_time_optimal_eage,0,['modules/planning/local_planner/timed_elastic_band/teb_time_optimal_eage.h'],0,0,0,0,RoboRTS-master,robotics
3,0,3,0,0,1,4,3,1,0,1,rrts::planning::local_planner::TimeOptimalEdge,12,['modules/planning/local_planner/timed_elastic_band/teb_time_optimal_eage.h'],0,6,4,3,RoboRTS-master,robotics
2,0,2,0,0,4,14,2,1,0,1.5,rrts::planning::local_planner::VelocityEdge,28,['modules/planning/local_planner/timed_elastic_band/teb_velocity_eage.h'],0,25,8,8,RoboRTS-master,robotics
2,0,2,0,0,3,13.5,2,1,0,1,rrts::planning::local_planner::VelocityHolonomicEdge,27,['modules/planning/local_planner/timed_elastic_band/teb_velocity_eage.h'],0,24,7,6,RoboRTS-master,robotics
0,0,0,0,0,0,0,0,0,0,0,teb_vertex_console,0,"['modules/planning/local_planner/timed_elastic_band/teb_vertex_console.h', 'modules/planning/local_planner/timed_elastic_band/teb_vertex_console.cpp']",0,0,0,0,RoboRTS-master,robotics
41,20,41,0,2,7,14.4390243902439,2,0,0,2.92682926829268,rrts::planning::local_planner::TebVertexConsole,592,"['modules/planning/local_planner/timed_elastic_band/teb_vertex_console.h', 'modules/planning/local_planner/timed_elastic_band/teb_vertex_console.cpp']",1.85365853658537,114,150,14,RoboRTS-master,robotics
8,15,8,0,0,0,3,7,1,0,1,rrts::planning::local_planner::TebVertexPose,24,['modules/planning/local_planner/timed_elastic_band/teb_vertex_pose.h'],0.75,4,9,0,RoboRTS-master,robotics
8,7,8,0,0,0,2.75,7,1,0,1,rrts::planning::local_planner::TebVertexTimeDiff,22,['modules/planning/local_planner/timed_elastic_band/teb_vertex_timediff.h'],0.75,4,9,0,RoboRTS-master,robotics
4,1,4,0,0,2,3.5,4,1,0,1,rrts::planning::local_planner::ViaPointEdge,14,['modules/planning/local_planner/timed_elastic_band/teb_via_point_edge.h'],0.5,5,6,8,RoboRTS-master,robotics
7,11,7,0,0,1,11.5714285714286,6,0,0,1.57142857142857,utility_tool,81,['modules/planning/local_planner/utility_tool.h'],2.57142857142857,30,15,6,RoboRTS-master,robotics
1,0,1,0,0,0,1,1,0,0,1,tf_tree,1,['modules/stream/tf_tree/tf_tree.cpp'],2,1,1,0,RoboRTS-master,robotics
5,0,5,0,7,0,10.4,1,1,0,1.8,rrts::stream::tf_tree::TFTree,52,"['modules/stream/tf_tree/tf_tree.h', 'modules/stream/tf_tree/tf_tree.cpp']",0.6,17,23,0,RoboRTS-master,robotics
2,0,2,3,3,0,3,2,0,0,1,rrts::stream::tf_tree::tf_node,6,"['modules/stream/tf_tree/tf_tree.h', 'modules/stream/tf_tree/tf_tree.cpp']",1.5,5,5,0,RoboRTS-master,robotics
