Current_group_location,Exe_files,Number_exe_files,Number_libraries_Total,Number_lines_Total,Number_of_binaries,analizo_acc_kurtosis,analizo_acc_mean,analizo_acc_mode,analizo_acc_quantile_lower,analizo_acc_quantile_max,analizo_acc_quantile_median,analizo_acc_quantile_min,analizo_acc_quantile_ninety_five,analizo_acc_quantile_upper,analizo_acc_skewness,analizo_acc_standard_deviation,analizo_acc_sum,analizo_acc_variance,analizo_accm_kurtosis,analizo_accm_mean,analizo_accm_mode,analizo_accm_quantile_lower,analizo_accm_quantile_max,analizo_accm_quantile_median,analizo_accm_quantile_min,analizo_accm_quantile_ninety_five,analizo_accm_quantile_upper,analizo_accm_skewness,analizo_accm_standard_deviation,analizo_accm_sum,analizo_accm_variance,analizo_amloc_kurtosis,analizo_amloc_mean,analizo_amloc_mode,analizo_amloc_quantile_lower,analizo_amloc_quantile_max,analizo_amloc_quantile_median,analizo_amloc_quantile_min,analizo_amloc_quantile_ninety_five,analizo_amloc_quantile_upper,analizo_amloc_skewness,analizo_amloc_standard_deviation,analizo_amloc_sum,analizo_amloc_variance,analizo_anpm_kurtosis,analizo_anpm_mean,analizo_anpm_mode,analizo_anpm_quantile_lower,analizo_anpm_quantile_max,analizo_anpm_quantile_median,analizo_anpm_quantile_min,analizo_anpm_quantile_ninety_five,analizo_anpm_quantile_upper,analizo_anpm_skewness,analizo_anpm_standard_deviation,analizo_anpm_sum,analizo_anpm_variance,analizo_cbo_kurtosis,analizo_cbo_mean,analizo_cbo_mode,analizo_cbo_quantile_lower,analizo_cbo_quantile_max,analizo_cbo_quantile_median,analizo_cbo_quantile_min,analizo_cbo_quantile_ninety_five,analizo_cbo_quantile_upper,analizo_cbo_skewness,analizo_cbo_standard_deviation,analizo_cbo_sum,analizo_cbo_variance,analizo_change_cost,analizo_dit_kurtosis,analizo_dit_mean,analizo_dit_mode,analizo_dit_quantile_lower,analizo_dit_quantile_max,analizo_dit_quantile_median,analizo_dit_quantile_min,analizo_dit_quantile_ninety_five,analizo_dit_quantile_upper,analizo_dit_skewness,analizo_dit_standard_deviation,analizo_dit_sum,analizo_dit_variance,analizo_lcom4_kurtosis,analizo_lcom4_mean,analizo_lcom4_mode,analizo_lcom4_quantile_lower,analizo_lcom4_quantile_max,analizo_lcom4_quantile_median,analizo_lcom4_quantile_min,analizo_lcom4_quantile_ninety_five,analizo_lcom4_quantile_upper,analizo_lcom4_skewness,analizo_lcom4_standard_deviation,analizo_lcom4_sum,analizo_lcom4_variance,analizo_loc_kurtosis,analizo_loc_mean,analizo_loc_mode,analizo_loc_quantile_lower,analizo_loc_quantile_max,analizo_loc_quantile_median,analizo_loc_quantile_min,analizo_loc_quantile_ninety_five,analizo_loc_quantile_upper,analizo_loc_skewness,analizo_loc_standard_deviation,analizo_loc_sum,analizo_loc_variance,analizo_mmloc_kurtosis,analizo_mmloc_mean,analizo_mmloc_mode,analizo_mmloc_quantile_lower,analizo_mmloc_quantile_max,analizo_mmloc_quantile_median,analizo_mmloc_quantile_min,analizo_mmloc_quantile_ninety_five,analizo_mmloc_quantile_upper,analizo_mmloc_skewness,analizo_mmloc_standard_deviation,analizo_mmloc_sum,analizo_mmloc_variance,analizo_noa_kurtosis,analizo_noa_mean,analizo_noa_mode,analizo_noa_quantile_lower,analizo_noa_quantile_max,analizo_noa_quantile_median,analizo_noa_quantile_min,analizo_noa_quantile_ninety_five,analizo_noa_quantile_upper,analizo_noa_skewness,analizo_noa_standard_deviation,analizo_noa_sum,analizo_noa_variance,analizo_noc_kurtosis,analizo_noc_mean,analizo_noc_mode,analizo_noc_quantile_lower,analizo_noc_quantile_max,analizo_noc_quantile_median,analizo_noc_quantile_min,analizo_noc_quantile_ninety_five,analizo_noc_quantile_upper,analizo_noc_skewness,analizo_noc_standard_deviation,analizo_noc_sum,analizo_noc_variance,analizo_nom_kurtosis,analizo_nom_mean,analizo_nom_mode,analizo_nom_quantile_lower,analizo_nom_quantile_max,analizo_nom_quantile_median,analizo_nom_quantile_min,analizo_nom_quantile_ninety_five,analizo_nom_quantile_upper,analizo_nom_skewness,analizo_nom_standard_deviation,analizo_nom_sum,analizo_nom_variance,analizo_npa_kurtosis,analizo_npa_mean,analizo_npa_mode,analizo_npa_quantile_lower,analizo_npa_quantile_max,analizo_npa_quantile_median,analizo_npa_quantile_min,analizo_npa_quantile_ninety_five,analizo_npa_quantile_upper,analizo_npa_skewness,analizo_npa_standard_deviation,analizo_npa_sum,analizo_npa_variance,analizo_npm_kurtosis,analizo_npm_mean,analizo_npm_mode,analizo_npm_quantile_lower,analizo_npm_quantile_max,analizo_npm_quantile_median,analizo_npm_quantile_min,analizo_npm_quantile_ninety_five,analizo_npm_quantile_upper,analizo_npm_skewness,analizo_npm_standard_deviation,analizo_npm_sum,analizo_npm_variance,analizo_rfc_kurtosis,analizo_rfc_mean,analizo_rfc_mode,analizo_rfc_quantile_lower,analizo_rfc_quantile_max,analizo_rfc_quantile_median,analizo_rfc_quantile_min,analizo_rfc_quantile_ninety_five,analizo_rfc_quantile_upper,analizo_rfc_skewness,analizo_rfc_standard_deviation,analizo_rfc_sum,analizo_rfc_variance,analizo_sc_kurtosis,analizo_sc_mean,analizo_sc_mode,analizo_sc_quantile_lower,analizo_sc_quantile_max,analizo_sc_quantile_median,analizo_sc_quantile_min,analizo_sc_quantile_ninety_five,analizo_sc_quantile_upper,analizo_sc_skewness,analizo_sc_standard_deviation,analizo_sc_sum,analizo_sc_variance,analizo_total_abstract_classes,analizo_total_cof,analizo_total_eloc,analizo_total_loc,analizo_total_methods_per_abstract_class,analizo_total_modules,analizo_total_modules_with_defined_attributes,analizo_total_modules_with_defined_methods,analizo_total_nom,binary_player_number_lines,competition,dir_to_zip,group_name,is_source,new_dir,new_dir_name,source_lang,year
2008_WorldCup_apollo3d_rc08,,,,,,,,,,,,,,,,,,,,,,,,,,,,,,,,,,,,,,,,,,,,,,,,,,,,,,,,,,,,,,,,,,,,,,,,,,,,,,,,,,,,,,,,,,,,,,,,,,,,,,,,,,,,,,,,,,,,,,,,,,,,,,,,,,,,,,,,,,,,,,,,,,,,,,,,,,,,,,,,,,,,,,,,,,,,,,,,,,,,,,,,,,,,,,,,,,,,,,,,,,,,,,,,,,,,,,,,,,,,,,,,0,WorldCup,/home/se-metrics/root/data-binaries-3D//WorldCup2008/apollo3d_rc08.tar.gz,apollo3d_rc08,,/home/se-metrics/root/data_binaries-3D-proccessed//2008_WorldCup_apollo3d_rc08,2008_WorldCup_apollo3d_rc08,,2008
2015_ChinaOpens_Dreamwing3D,,,,,,,,,,,,,,,,,,,,,,,,,,,,,,,,,,,,,,,,,,,,,,,,,,,,,,,,,,,,,,,,,,,,,,,,,,,,,,,,,,,,,,,,,,,,,,,,,,,,,,,,,,,,,,,,,,,,,,,,,,,,,,,,,,,,,,,,,,,,,,,,,,,,,,,,,,,,,,,,,,,,,,,,,,,,,,,,,,,,,,,,,,,,,,,,,,,,,,,,,,,,,,,,,,,,,,,,,,,,,,,,,ChinaOpens,/home/se-metrics/root/data-binaries-3D//ChinaOpens2015/Dreamwing3D.tar.gz,Dreamwing3D,,/home/se-metrics/root/data_binaries-3D-proccessed//2015_ChinaOpens_Dreamwing3D,2015_ChinaOpens_Dreamwing3D,,2015
2011_GermanOpens_oxblue,,,,,,,,,,,,,,,,,,,,,,,,,,,,,,,,,,,,,,,,,,,,,,,,,,,,,,,,,,,,,,,,,,,,,,,,,,,,,,,,,,,,,,,,,,,,,,,,,,,,,,,,,,,,,,,,,,,,,,,,,,,,,,,,,,,,,,,,,,,,,,,,,,,,,,,,,,,,,,,,,,,,,,,,,,,,,,,,,,,,,,,,,,,,,,,,,,,,,,,,,,,,,,,,,,,,,,,,,,,,,,,,0,GermanOpens,/home/se-metrics/root/data-binaries-3D//GermanOpens2011/oxblue.tar.gz,oxblue,,/home/se-metrics/root/data_binaries-3D-proccessed//2011_GermanOpens_oxblue,2011_GermanOpens_oxblue,,2011
2009_WorldCup_mrl,,,,,,,,,,,,,,,,,,,,,,,,,,,,,,,,,,,,,,,,,,,,,,,,,,,,,,,,,,,,,,,,,,,,,,,,,,,,,,,,,,,,,,,,,,,,,,,,,,,,,,,,,,,,,,,,,,,,,,,,,,,,,,,,,,,,,,,,,,,,,,,,,,,,,,,,,,,,,,,,,,,,,,,,,,,,,,,,,,,,,,,,,,,,,,,,,,,,,,,,,,,,,,,,,,,,,,,,,,,,,,,,,WorldCup,/home/se-metrics/root/data-binaries-3D//WorldCup2009/mrl.tar.gz,mrl,,/home/se-metrics/root/data_binaries-3D-proccessed//2009_WorldCup_mrl,2009_WorldCup_mrl,,2009
2015_ChinaOpens_CIT3D,,,,,,,,,,,,,,,,,,,,,,,,,,,,,,,,,,,,,,,,,,,,,,,,,,,,,,,,,,,,,,,,,,,,,,,,,,,,,,,,,,,,,,,,,,,,,,,,,,,,,,,,,,,,,,,,,,,,,,,,,,,,,,,,,,,,,,,,,,,,,,,,,,,,,,,,,,,,,,,,,,,,,,,,,,,,,,,,,,,,,,,,,,,,,,,,,,,,,,,,,,,,,,,,,,,,,,,,,,,,,,,,0,ChinaOpens,/home/se-metrics/root/data-binaries-3D//ChinaOpens2015/CIT3D.tar.gz,CIT3D,,/home/se-metrics/root/data_binaries-3D-proccessed//2015_ChinaOpens_CIT3D,2015_ChinaOpens_CIT3D,,2015
2014_WorldCup_robocanes,,,,,,,,,,,,,,,,,,,,,,,,,,,,,,,,,,,,,,,,,,,,,,,,,,,,,,,,,,,,,,,,,,,,,,,,,,,,,,,,,,,,,,,,,,,,,,,,,,,,,,,,,,,,,,,,,,,,,,,,,,,,,,,,,,,,,,,,,,,,,,,,,,,,,,,,,,,,,,,,,,,,,,,,,,,,,,,,,,,,,,,,,,,,,,,,,,,,,,,,,,,,,,,,,,,,,,,,,,,,,,,,,WorldCup,/home/se-metrics/root/data-binaries-3D//WorldCup2014/robocanes.tar.gz,robocanes,,/home/se-metrics/root/data_binaries-3D-proccessed//2014_WorldCup_robocanes,2014_WorldCup_robocanes,,2014
2009_WorldCup_borregos,,0,0,0,0,,,,,,,,,,,,,,,,,,,,,,,,,,,,,,,,,,,,,,,,,,,,,,,,,,,,,,,,,,,,,,,,,,,,,,,,,,,,,,,,,,,,,,,,,,,,,,,,,,,,,,,,,,,,,,,,,,,,,,,,,,,,,,,,,,,,,,,,,,,,,,,,,,,,,,,,,,,,,,,,,,,,,,,,,,,,,,,,,,,,,,,,,,,,,,,,,,,,,,,,,,,,,,,,,,,,,,,,,,,,WorldCup,/home/se-metrics/root/data-binaries-3D//WorldCup2009/borregos.tar.gz,borregos,,/home/se-metrics/root/data_binaries-3D-proccessed//2009_WorldCup_borregos,2009_WorldCup_borregos,,2009
2012_ChinaOpens_kylinsky,,,,,,,,,,,,,,,,,,,,,,,,,,,,,,,,,,,,,,,,,,,,,,,,,,,,,,,,,,,,,,,,,,,,,,,,,,,,,,,,,,,,,,,,,,,,,,,,,,,,,,,,,,,,,,,,,,,,,,,,,,,,,,,,,,,,,,,,,,,,,,,,,,,,,,,,,,,,,,,,,,,,,,,,,,,,,,,,,,,,,,,,,,,,,,,,,,,,,,,,,,,,,,,,,,,,,,,,,,,,,,,,0,ChinaOpens,/home/se-metrics/root/data-binaries-3D//ChinaOpens2012/kylinsky.tar.gz,kylinsky,,/home/se-metrics/root/data_binaries-3D-proccessed//2012_ChinaOpens_kylinsky,2012_ChinaOpens_kylinsky,,2012
2012_ChinaOpens_YuShan3D,,,,,,,,,,,,,,,,,,,,,,,,,,,,,,,,,,,,,,,,,,,,,,,,,,,,,,,,,,,,,,,,,,,,,,,,,,,,,,,,,,,,,,,,,,,,,,,,,,,,,,,,,,,,,,,,,,,,,,,,,,,,,,,,,,,,,,,,,,,,,,,,,,,,,,,,,,,,,,,,,,,,,,,,,,,,,,,,,,,,,,,,,,,,,,,,,,,,,,,,,,,,,,,,,,,,,,,,,,,,,,,,0,ChinaOpens,/home/se-metrics/root/data-binaries-3D//ChinaOpens2012/YuShan3D.tar.gz,YuShan3D,,/home/se-metrics/root/data_binaries-3D-proccessed//2012_ChinaOpens_YuShan3D,2012_ChinaOpens_YuShan3D,,2012
2008_WorldCup_pat_rc08,,,,,,,,,,,,,,,,,,,,,,,,,,,,,,,,,,,,,,,,,,,,,,,,,,,,,,,,,,,,,,,,,,,,,,,,,,,,,,,,,,,,,,,,,,,,,,,,,,,,,,,,,,,,,,,,,,,,,,,,,,,,,,,,,,,,,,,,,,,,,,,,,,,,,,,,,,,,,,,,,,,,,,,,,,,,,,,,,,,,,,,,,,,,,,,,,,,,,,,,,,,,,,,,,,,,,,,,,,,,,,,,,WorldCup,/home/se-metrics/root/data-binaries-3D//WorldCup2008/pat_rc08.tar.gz,pat_rc08,,/home/se-metrics/root/data_binaries-3D-proccessed//2008_WorldCup_pat_rc08,2008_WorldCup_pat_rc08,,2008
2005_SpringCompetitions_Imo,,,,,,0.38659334126,0.444444444444,0,0,2,0,0,2,1,1.08511416285,0.615698763455,8,0.37908496732,3.87568243991,1.57162751223,1,1,4.77272727273,1,1,4.77272727273,1.59821428571,2.11449881183,1.08414727289,28.2892952201,1.17537530932,0.534041289683,7.60973558225,1,2,24.1666666667,4,1,24.1666666667,9.23511904762,1.30256368232,7.83138085045,136.975240481,61.3305260249,-1.22863074195,0.688503576801,1,0.320668693009,1.33333333333,1,0,1.33333333333,1,-0.525520357267,0.436248781039,12.3930643824,0.190312998958,4.09943399235,0.444444444444,0,0,3,0,0,3,0.75,2.094952765,0.855585263893,8,0.732026143791,0.11,4.09943399235,0.444444444444,0,0,3,0,0,3,0.75,2.094952765,0.855585263893,8,0.732026143791,14.9851555176,5,1,1,46,1,1,46,3,3.7761766834,10.6273786265,90,112.941176471,3.66978720712,101.333333333,1,3,601,4.5,1,601,101,2.12451655009,183.049655751,1824,33507.1764706,0.727054030077,22.7222222222,1,3,97,4,1,97,33.5,1.41578911605,31.3909045567,409,985.388888889,12.5207721977,4,0,0,34,1,0,34,4.75,3.3769328896,8.06590500374,72,65.0588235294,5.9765625,0.111111111111,0,0,1,0,0,1,0,2.70578806681,0.323380833382,2,0.104575163399,8.6177114537,7.22222222222,1,1,47,1.5,1,47,8.5,2.77581749505,11.5175342314,130,132.653594771,8.48381042548,1.33333333333,0,0,11,0,0,11,1,2.79097895789,2.80755283854,24,7.88235294118,12.0392906475,4.88888888889,1,1,34,1.5,1,34,6,3.30017311519,7.88810637747,88,62.2222222222,6.13636628534,16.2777777778,1,1,107,1.5,1,107,20.75,2.45278846033,28.3358130403,293,802.918300654,17.887007127,8.38888888889,0,0,138,0,0,138,0.75,4.22410086437,32.3894298097,151,1049.0751634,1,0.0261437908497,1922,1824,12,18,10,18,130,0,SpringCompetitions,/home/se-metrics/root/data-binaries-3D//SpringCompetitions2005/Imo,Imo,True,/home/se-metrics/root/data_binaries-3D-proccessed//2005_SpringCompetitions_Imo,2005_SpringCompetitions_Imo,C++,2005
2014_WorldCup_utaustinvilla,,,,,,,,,,,,,,,,,,,,,,,,,,,,,,,,,,,,,,,,,,,,,,,,,,,,,,,,,,,,,,,,,,,,,,,,,,,,,,,,,,,,,,,,,,,,,,,,,,,,,,,,,,,,,,,,,,,,,,,,,,,,,,,,,,,,,,,,,,,,,,,,,,,,,,,,,,,,,,,,,,,,,,,,,,,,,,,,,,,,,,,,,,,,,,,,,,,,,,,,,,,,,,,,,,,,,,,,,,,,,,,,,WorldCup,/home/se-metrics/root/data-binaries-3D//WorldCup2014/utaustinvilla.tar.gz,utaustinvilla,,/home/se-metrics/root/data_binaries-3D-proccessed//2014_WorldCup_utaustinvilla,2014_WorldCup_utaustinvilla,,2014
2009_WorldCup_scorpius,,,,,,,,,,,,,,,,,,,,,,,,,,,,,,,,,,,,,,,,,,,,,,,,,,,,,,,,,,,,,,,,,,,,,,,,,,,,,,,,,,,,,,,,,,,,,,,,,,,,,,,,,,,,,,,,,,,,,,,,,,,,,,,,,,,,,,,,,,,,,,,,,,,,,,,,,,,,,,,,,,,,,,,,,,,,,,,,,,,,,,,,,,,,,,,,,,,,,,,,,,,,,,,,,,,,,,,,,,,,,,,,0,WorldCup,/home/se-metrics/root/data-binaries-3D//WorldCup2009/scorpius.tar.gz,scorpius,,/home/se-metrics/root/data_binaries-3D-proccessed//2009_WorldCup_scorpius,2009_WorldCup_scorpius,,2009
2008_WorldCup_oxblue_rc08,,,,,,,,,,,,,,,,,,,,,,,,,,,,,,,,,,,,,,,,,,,,,,,,,,,,,,,,,,,,,,,,,,,,,,,,,,,,,,,,,,,,,,,,,,,,,,,,,,,,,,,,,,,,,,,,,,,,,,,,,,,,,,,,,,,,,,,,,,,,,,,,,,,,,,,,,,,,,,,,,,,,,,,,,,,,,,,,,,,,,,,,,,,,,,,,,,,,,,,,,,,,,,,,,,,,,,,,,,,,,,,,,WorldCup,/home/se-metrics/root/data-binaries-3D//WorldCup2008/oxblue_rc08.tar.gz,oxblue_rc08,,/home/se-metrics/root/data_binaries-3D-proccessed//2008_WorldCup_oxblue_rc08,2008_WorldCup_oxblue_rc08,,2008
2011_GermanOpens_robocanes,,,,,,,,,,,,,,,,,,,,,,,,,,,,,,,,,,,,,,,,,,,,,,,,,,,,,,,,,,,,,,,,,,,,,,,,,,,,,,,,,,,,,,,,,,,,,,,,,,,,,,,,,,,,,,,,,,,,,,,,,,,,,,,,,,,,,,,,,,,,,,,,,,,,,,,,,,,,,,,,,,,,,,,,,,,,,,,,,,,,,,,,,,,,,,,,,,,,,,,,,,,,,,,,,,,,,,,,,,,,,,,,0,GermanOpens,/home/se-metrics/root/data-binaries-3D//GermanOpens2011/robocanes.tar.gz,robocanes,,/home/se-metrics/root/data_binaries-3D-proccessed//2011_GermanOpens_robocanes,2011_GermanOpens_robocanes,,2011
2005_SpringCompetitions_YowAI,,,,,,,,,,,,,,,,,,,,,,,,,,,,,,,,,,,,,,,,,,,,,,,,,,,,,,,,,,,,,,,,,,,,,,,,,,,,,,,,,,,,,,,,,,,,,,,,,,,,,,,,,,,,,,,,,,,,,,,,,,,,,,,,,,,,,,,,,,,,,,,,,,,,,,,,,,,,,,,,,,,,,,,,,,,,,,,,,,,,,,,,,,,,,,,,,,,,,,,,,,,,,,,,,,,,,,,,,,,,,,,,,SpringCompetitions,/home/se-metrics/root/data-binaries-3D//SpringCompetitions2005/YowAI,YowAI,,/home/se-metrics/root/data_binaries-3D-proccessed//2005_SpringCompetitions_YowAI,2005_SpringCompetitions_YowAI,,2005
2011_GermanOpens_humboldt,,,,,,,,,,,,,,,,,,,,,,,,,,,,,,,,,,,,,,,,,,,,,,,,,,,,,,,,,,,,,,,,,,,,,,,,,,,,,,,,,,,,,,,,,,,,,,,,,,,,,,,,,,,,,,,,,,,,,,,,,,,,,,,,,,,,,,,,,,,,,,,,,,,,,,,,,,,,,,,,,,,,,,,,,,,,,,,,,,,,,,,,,,,,,,,,,,,,,,,,,,,,,,,,,,,,,,,,,,,,,,,,0,GermanOpens,/home/se-metrics/root/data-binaries-3D//GermanOpens2011/humboldt.tar.gz,humboldt,,/home/se-metrics/root/data_binaries-3D-proccessed//2011_GermanOpens_humboldt,2011_GermanOpens_humboldt,,2011
2009_WorldCup_karoon,,,,,,,,,,,,,,,,,,,,,,,,,,,,,,,,,,,,,,,,,,,,,,,,,,,,,,,,,,,,,,,,,,,,,,,,,,,,,,,,,,,,,,,,,,,,,,,,,,,,,,,,,,,,,,,,,,,,,,,,,,,,,,,,,,,,,,,,,,,,,,,,,,,,,,,,,,,,,,,,,,,,,,,,,,,,,,,,,,,,,,,,,,,,,,,,,,,,,,,,,,,,,,,,,,,,,,,,,,,,,,,,,WorldCup,/home/se-metrics/root/data-binaries-3D//WorldCup2009/karoon.tar.gz,karoon,,/home/se-metrics/root/data_binaries-3D-proccessed//2009_WorldCup_karoon,2009_WorldCup_karoon,,2009
2009_WorldCup_boldhearts,,,,,,,,,,,,,,,,,,,,,,,,,,,,,,,,,,,,,,,,,,,,,,,,,,,,,,,,,,,,,,,,,,,,,,,,,,,,,,,,,,,,,,,,,,,,,,,,,,,,,,,,,,,,,,,,,,,,,,,,,,,,,,,,,,,,,,,,,,,,,,,,,,,,,,,,,,,,,,,,,,,,,,,,,,,,,,,,,,,,,,,,,,,,,,,,,,,,,,,,,,,,,,,,,,,,,,,,,,,,,,,,0,WorldCup,/home/se-metrics/root/data-binaries-3D//WorldCup2009/boldhearts.tar.gz,boldhearts,,/home/se-metrics/root/data_binaries-3D-proccessed//2009_WorldCup_boldhearts,2009_WorldCup_boldhearts,,2009
2014_WorldCup_hfutengine3d,,,,,,,,,,,,,,,,,,,,,,,,,,,,,,,,,,,,,,,,,,,,,,,,,,,,,,,,,,,,,,,,,,,,,,,,,,,,,,,,,,,,,,,,,,,,,,,,,,,,,,,,,,,,,,,,,,,,,,,,,,,,,,,,,,,,,,,,,,,,,,,,,,,,,,,,,,,,,,,,,,,,,,,,,,,,,,,,,,,,,,,,,,,,,,,,,,,,,,,,,,,,,,,,,,,,,,,,,,,,,,,,,WorldCup,/home/se-metrics/root/data-binaries-3D//WorldCup2014/hfutengine3d.tar.gz,hfutengine3d,,/home/se-metrics/root/data_binaries-3D-proccessed//2014_WorldCup_hfutengine3d,2014_WorldCup_hfutengine3d,,2014
2008_WorldCup_parsian_rc08,,,,,,,,,,,,,,,,,,,,,,,,,,,,,,,,,,,,,,,,,,,,,,,,,,,,,,,,,,,,,,,,,,,,,,,,,,,,,,,,,,,,,,,,,,,,,,,,,,,,,,,,,,,,,,,,,,,,,,,,,,,,,,,,,,,,,,,,,,,,,,,,,,,,,,,,,,,,,,,,,,,,,,,,,,,,,,,,,,,,,,,,,,,,,,,,,,,,,,,,,,,,,,,,,,,,,,,,,,,,,,,,0,WorldCup,/home/se-metrics/root/data-binaries-3D//WorldCup2008/parsian_rc08.tar.gz,parsian_rc08,,/home/se-metrics/root/data_binaries-3D-proccessed//2008_WorldCup_parsian_rc08,2008_WorldCup_parsian_rc08,,2008
2015_ChinaOpens_apollo3d,,,,,,,,,,,,,,,,,,,,,,,,,,,,,,,,,,,,,,,,,,,,,,,,,,,,,,,,,,,,,,,,,,,,,,,,,,,,,,,,,,,,,,,,,,,,,,,,,,,,,,,,,,,,,,,,,,,,,,,,,,,,,,,,,,,,,,,,,,,,,,,,,,,,,,,,,,,,,,,,,,,,,,,,,,,,,,,,,,,,,,,,,,,,,,,,,,,,,,,,,,,,,,,,,,,,,,,,,,,,,,,,,ChinaOpens,/home/se-metrics/root/data-binaries-3D//ChinaOpens2015/apollo3d.tar.gz,apollo3d,,/home/se-metrics/root/data_binaries-3D-proccessed//2015_ChinaOpens_apollo3d,2015_ChinaOpens_apollo3d,,2015
2014_WorldCup_l3m-sim,,,,,,,,,,,,,,,,,,,,,,,,,,,,,,,,,,,,,,,,,,,,,,,,,,,,,,,,,,,,,,,,,,,,,,,,,,,,,,,,,,,,,,,,,,,,,,,,,,,,,,,,,,,,,,,,,,,,,,,,,,,,,,,,,,,,,,,,,,,,,,,,,,,,,,,,,,,,,,,,,,,,,,,,,,,,,,,,,,,,,,,,,,,,,,,,,,,,,,,,,,,,,,,,,,,,,,,,,,,,,,,,0,WorldCup,/home/se-metrics/root/data-binaries-3D//WorldCup2014/l3m-sim.tar.gz,l3m-sim,,/home/se-metrics/root/data_binaries-3D-proccessed//2014_WorldCup_l3m-sim,2014_WorldCup_l3m-sim,,2014
2011_GermanOpens_beestanbul,,,,,,,,,,,,,,,,,,,,,,,,,,,,,,,,,,,,,,,,,,,,,,,,,,,,,,,,,,,,,,,,,,,,,,,,,,,,,,,,,,,,,,,,,,,,,,,,,,,,,,,,,,,,,,,,,,,,,,,,,,,,,,,,,,,,,,,,,,,,,,,,,,,,,,,,,,,,,,,,,,,,,,,,,,,,,,,,,,,,,,,,,,,,,,,,,,,,,,,,,,,,,,,,,,,,,,,,,,,,,,,,,GermanOpens,/home/se-metrics/root/data-binaries-3D//GermanOpens2011/beestanbul.tar.gz,beestanbul,,/home/se-metrics/root/data_binaries-3D-proccessed//2011_GermanOpens_beestanbul,2011_GermanOpens_beestanbul,,2011
2009_WorldCup_robopub,,,,,,,,,,,,,,,,,,,,,,,,,,,,,,,,,,,,,,,,,,,,,,,,,,,,,,,,,,,,,,,,,,,,,,,,,,,,,,,,,,,,,,,,,,,,,,,,,,,,,,,,,,,,,,,,,,,,,,,,,,,,,,,,,,,,,,,,,,,,,,,,,,,,,,,,,,,,,,,,,,,,,,,,,,,,,,,,,,,,,,,,,,,,,,,,,,,,,,,,,,,,,,,,,,,,,,,,,,,,,,,,0,WorldCup,/home/se-metrics/root/data-binaries-3D//WorldCup2009/robopub.tar.gz,robopub,,/home/se-metrics/root/data_binaries-3D-proccessed//2009_WorldCup_robopub,2009_WorldCup_robopub,,2009
2012_ChinaOpens_CIT3D,,,,,,0,0,None,0,0,0,0,None,0,0,0,0,0,0,1.5,None,1.5,1.5,1.5,1.5,None,1.5,0,0,1.5,0,0,7.6,None,7.6,7.6,7.6,7.6,None,7.6,0,0,7.6,0,0,0.8,None,0.8,0.8,0.8,0.8,None,0.8,0,0,0.8,0,0,0,None,0,0,0,0,None,0,0,0,0,0,1.00,0,0,None,0,0,0,0,None,0,0,0,0,0,0,1,None,1,1,1,1,None,1,0,0,1,0,0,76,None,76,76,76,76,None,76,0,0,76,0,0,13,None,13,13,13,13,None,13,0,0,13,0,0,4,None,4,4,4,4,None,4,0,0,4,0,0,0,None,0,0,0,0,None,0,0,0,0,0,0,10,None,10,10,10,10,None,10,0,0,10,0,0,0,None,0,0,0,0,None,0,0,0,0,0,0,10,None,10,10,10,10,None,10,0,0,10,0,0,30,None,30,30,30,30,None,30,0,0,30,0,0,0,None,0,0,0,0,None,0,0,0,0,0,0,1,98,76,0,1,1,1,10,,ChinaOpens,/home/se-metrics/root/data-binaries-3D//ChinaOpens2012/CIT3D.tar.gz,CIT3D,True,/home/se-metrics/root/data_binaries-3D-proccessed//2012_ChinaOpens_CIT3D,2012_ChinaOpens_CIT3D,C++,2012
2012_ChinaOpens_AUA3D,,,,,,3.19349784086,2.75925925926,0,0,17,1,0,11,4,1.86221805013,3.62460534847,298,13.1377639322,0.182903104197,1.64741334798,1,1,4,1.45588235294,1,3.2,2.12946428571,1.01316432801,0.742358619464,177.920641582,0.551096319893,4.47438998243,7.89629890842,1,4,35.75,6.66666666667,1,19,10.0833333333,1.80890207214,6.33702365967,852.80028211,40.1578688632,5.64834522307,1.16895713548,1,0.646008403361,5,1,0.1,2.5,1.5,1.99591926959,0.826099551904,126.247370631,0.682440469656,11.9384862407,2.41666666667,0,0,23,1,0,9,3,2.96046553554,3.5338814011,261,12.488317757,0.23,-0.826772598532,0.611111111111,1,0,2,1,0,1,1,0.195826702976,0.560929357895,66,0.314641744548,9.54369051063,2.30555555556,1,1,13,2,1,6,3,2.9479414885,2.26908657704,249,5.14875389408,3.06430329394,58.5555555556,1,11,337,31.5,1,178,90.25,1.58719552769,62.3872940175,6324,3892.17445483,4.57874038366,21.1851851852,1,6,115,15.5,1,52,30,1.83847971915,21.1183351033,2288,445.984077535,16.6844022566,4.85185185185,0,1,45,3,0,16,6,3.2202223772,6.11542375911,524,37.3984077535,11.1424408283,0.537037037037,0,0,7,0,0,3,0,3.1763704502,1.3143771911,58,1.72758740048,1.23151096905,7.03703703704,3,3,27,4.5,1,20,10,1.39126788251,6.31705291207,760,39.9051574939,78.0817287277,0.5,0,0,22,0,0,2,0,8.36335243767,2.26100630975,54,5.11214953271,2.23312582163,5.9537037037,3,2,26,4,1,18,8,1.63439728517,5.55075857283,643,30.8109207338,10.7939002771,25.2407407407,1,7,193,15,1,77,36.5,2.591191254,28.3887796614,2726,805.922810661,66.6286383783,8.21296296296,0,0,253,2,0,30,5.25,7.65538589238,26.8704232098,887,722.019643475,5,0.0257874697127,7353,6324,8.4,108,86,108,760,0,ChinaOpens,/home/se-metrics/root/data-binaries-3D//ChinaOpens2012/AUA3D.tar.gz,AUA3D,True,/home/se-metrics/root/data_binaries-3D-proccessed//2012_ChinaOpens_AUA3D,2012_ChinaOpens_AUA3D,Java,2012
2008_WorldCup_hfutengine_rc08,,,,,,,,,,,,,,,,,,,,,,,,,,,,,,,,,,,,,,,,,,,,,,,,,,,,,,,,,,,,,,,,,,,,,,,,,,,,,,,,,,,,,,,,,,,,,,,,,,,,,,,,,,,,,,,,,,,,,,,,,,,,,,,,,,,,,,,,,,,,,,,,,,,,,,,,,,,,,,,,,,,,,,,,,,,,,,,,,,,,,,,,,,,,,,,,,,,,,,,,,,,,,,,,,,,,,,,,,,,,,,,,,WorldCup,/home/se-metrics/root/data-binaries-3D//WorldCup2008/hfutengine_rc08.tar.gz,hfutengine_rc08,,/home/se-metrics/root/data_binaries-3D-proccessed//2008_WorldCup_hfutengine_rc08,2008_WorldCup_hfutengine_rc08,,2008
2014_WorldCup_seu_jolly,,,,,,,,,,,,,,,,,,,,,,,,,,,,,,,,,,,,,,,,,,,,,,,,,,,,,,,,,,,,,,,,,,,,,,,,,,,,,,,,,,,,,,,,,,,,,,,,,,,,,,,,,,,,,,,,,,,,,,,,,,,,,,,,,,,,,,,,,,,,,,,,,,,,,,,,,,,,,,,,,,,,,,,,,,,,,,,,,,,,,,,,,,,,,,,,,,,,,,,,,,,,,,,,,,,,,,,,,,,,,,,,0,WorldCup,/home/se-metrics/root/data-binaries-3D//WorldCup2014/seu_jolly.tar.gz,seu_jolly,,/home/se-metrics/root/data_binaries-3D-proccessed//2014_WorldCup_seu_jolly,2014_WorldCup_seu_jolly,,2014
2009_WorldCup_naitostrikers,,,,,,,,,,,,,,,,,,,,,,,,,,,,,,,,,,,,,,,,,,,,,,,,,,,,,,,,,,,,,,,,,,,,,,,,,,,,,,,,,,,,,,,,,,,,,,,,,,,,,,,,,,,,,,,,,,,,,,,,,,,,,,,,,,,,,,,,,,,,,,,,,,,,,,,,,,,,,,,,,,,,,,,,,,,,,,,,,,,,,,,,,,,,,,,,,,,,,,,,,,,,,,,,,,,,,,,,,,,,,,,,,WorldCup,/home/se-metrics/root/data-binaries-3D//WorldCup2009/naitostrikers.tar.gz,naitostrikers,,/home/se-metrics/root/data_binaries-3D-proccessed//2009_WorldCup_naitostrikers,2009_WorldCup_naitostrikers,,2009
2005_SpringCompetitions_TsubameGaeshi,,,,,,0.581632653061,0.421052631579,0,0,2,0,0,2,1,1.16756235952,0.606976978667,8,0.368421052632,2.50476115211,1.53769460764,1,1,4.25,1,1,4.25,1.51098901099,1.8763244804,0.985592406466,29.2161975451,0.971392391683,0.0739227141594,7.16972255199,1,1,23.8333333333,4,1,23.8333333333,8.87912087912,1.21191904896,7.64518932538,136.224728488,58.448919821,1.49472819181,0.792860186905,1,0.37969924812,2.33333333333,1,0,2.33333333333,1,0.622783867514,0.577991660553,15.0643435512,0.334074359668,4.50027573529,0.421052631579,0,0,3,0,0,3,0.5,2.1785638905,0.837707816583,8,0.701754385965,0.11,4.50027573529,0.421052631579,0,0,3,0,0,3,0.5,2.1785638905,0.837707816583,8,0.701754385965,9.47675365432,5.84210526316,1,1,38,2,1,38,7.5,2.86234910327,8.95831803344,111,80.2514619883,9.16531059569,86.1052631579,1,3,666,13,1,666,94.5,2.85779948267,162.800796728,1636,26504.0994152,1.62910971493,23.0526315789,1,1,112,4,1,112,31,1.635698852,34.2092802292,438,1170.2748538,12.9355940893,3.57894736842,0,0,27,2,0,27,5,3.35183779396,6.14017543609,68,37.701754386,6.50865051903,0.105263157895,0,0,1,0,0,1,0,2.79843956402,0.315301767642,2,0.0994152046784,6.95568020011,7.26315789474,1,1,38,3,1,38,12.5,2.32803541628,9.05441638872,138,81.9824561404,4.02763251735,0.842105263158,0,0,6,0,0,6,0.5,2.23244204681,1.80318107474,16,3.2514619883,5.18873160643,5.68421052632,1,1,28,3,1,28,6.5,2.12505228974,6.93663888813,108,48.1169590643,2.81535897357,12.8421052632,1,1,59,8,1,59,20.5,1.62602559464,15.7489440842,244,248.029239766,18.44545303,7.05263157895,0,0,114,0,0,114,0.5,4.27315505091,26.060770186,134,679.16374269,1,0.0233918128655,1784,1636,13,19,11,19,138,0,SpringCompetitions,/home/se-metrics/root/data-binaries-3D//SpringCompetitions2005/TsubameGaeshi,TsubameGaeshi,True,/home/se-metrics/root/data_binaries-3D-proccessed//2005_SpringCompetitions_TsubameGaeshi,2005_SpringCompetitions_TsubameGaeshi,C++,2005
2009_WorldCup_magmaoffenburg,,,,,,,,,,,,,,,,,,,,,,,,,,,,,,,,,,,,,,,,,,,,,,,,,,,,,,,,,,,,,,,,,,,,,,,,,,,,,,,,,,,,,,,,,,,,,,,,,,,,,,,,,,,,,,,,,,,,,,,,,,,,,,,,,,,,,,,,,,,,,,,,,,,,,,,,,,,,,,,,,,,,,,,,,,,,,,,,,,,,,,,,,,,,,,,,,,,,,,,,,,,,,,,,,,,,,,,,,,,,,,,,,WorldCup,/home/se-metrics/root/data-binaries-3D//WorldCup2009/magmaoffenburg.tar.gz,magmaoffenburg,,/home/se-metrics/root/data_binaries-3D-proccessed//2009_WorldCup_magmaoffenburg,2009_WorldCup_magmaoffenburg,,2009
2012_ChinaOpens_Miracle3D,,,,,,,,,,,,,,,,,,,,,,,,,,,,,,,,,,,,,,,,,,,,,,,,,,,,,,,,,,,,,,,,,,,,,,,,,,,,,,,,,,,,,,,,,,,,,,,,,,,,,,,,,,,,,,,,,,,,,,,,,,,,,,,,,,,,,,,,,,,,,,,,,,,,,,,,,,,,,,,,,,,,,,,,,,,,,,,,,,,,,,,,,,,,,,,,,,,,,,,,,,,,,,,,,,,,,,,,,,,,,,,,0,ChinaOpens,/home/se-metrics/root/data-binaries-3D//ChinaOpens2012/Miracle3D.tar.gz,Miracle3D,,/home/se-metrics/root/data_binaries-3D-proccessed//2012_ChinaOpens_Miracle3D,2012_ChinaOpens_Miracle3D,,2012
2011_GermanOpens_fcportugal,,,,,,,,,,,,,,,,,,,,,,,,,,,,,,,,,,,,,,,,,,,,,,,,,,,,,,,,,,,,,,,,,,,,,,,,,,,,,,,,,,,,,,,,,,,,,,,,,,,,,,,,,,,,,,,,,,,,,,,,,,,,,,,,,,,,,,,,,,,,,,,,,,,,,,,,,,,,,,,,,,,,,,,,,,,,,,,,,,,,,,,,,,,,,,,,,,,,,,,,,,,,,,,,,,,,,,,,,,,,,,,,,GermanOpens,/home/se-metrics/root/data-binaries-3D//GermanOpens2011/fcportugal.tar.gz,fcportugal,,/home/se-metrics/root/data_binaries-3D-proccessed//2011_GermanOpens_fcportugal,2011_GermanOpens_fcportugal,,2011
2015_ChinaOpens_AHJZU3D_PRO,/home/se-metrics/root/data_binaries-3D-proccessed//2015_ChinaOpens_AHJZU3D_PRO/AHJZU3D_PRO/AH11; /home/se-metrics/root/data_binaries-3D-proccessed//2015_ChinaOpens_AHJZU3D_PRO/AHJZU3D_PRO/AHJZ3D_PRO; /home/se-metrics/root/data_binaries-3D-proccessed//2015_ChinaOpens_AHJZU3D_PRO/AHJZU3D_PRO/AH9; /home/se-metrics/root/data_binaries-3D-proccessed//2015_ChinaOpens_AHJZU3D_PRO/AHJZU3D_PRO/AH10; /home/se-metrics/root/data_binaries-3D-proccessed//2015_ChinaOpens_AHJZU3D_PRO/AHJZU3D_PRO/AH8,5,0,0,0,,,,,,,,,,,,,,,,,,,,,,,,,,,,,,,,,,,,,,,,,,,,,,,,,,,,,,,,,,,,,,,,,,,,,,,,,,,,,,,,,,,,,,,,,,,,,,,,,,,,,,,,,,,,,,,,,,,,,,,,,,,,,,,,,,,,,,,,,,,,,,,,,,,,,,,,,,,,,,,,,,,,,,,,,,,,,,,,,,,,,,,,,,,,,,,,,,,,,,,,,,,,,,,,,,,,,,,,,,,,ChinaOpens,/home/se-metrics/root/data-binaries-3D//ChinaOpens2015/AHJZU3D_PRO.tar.gz,AHJZU3D_PRO,,/home/se-metrics/root/data_binaries-3D-proccessed//2015_ChinaOpens_AHJZU3D_PRO,2015_ChinaOpens_AHJZU3D_PRO,,2015
2011_IranOpens_naoth-iranopen2011,,,,,,,,,,,,,,,,,,,,,,,,,,,,,,,,,,,,,,,,,,,,,,,,,,,,,,,,,,,,,,,,,,,,,,,,,,,,,,,,,,,,,,,,,,,,,,,,,,,,,,,,,,,,,,,,,,,,,,,,,,,,,,,,,,,,,,,,,,,,,,,,,,,,,,,,,,,,,,,,,,,,,,,,,,,,,,,,,,,,,,,,,,,,,,,,,,,,,,,,,,,,,,,,,,,,,,,,,,,,,,,,0,IranOpens,/home/se-metrics/root/data-binaries-3D//IranOpens2011/naoth-iranopen2011.tar.gz,naoth-iranopen2011,,/home/se-metrics/root/data_binaries-3D-proccessed//2011_IranOpens_naoth-iranopen2011,2011_IranOpens_naoth-iranopen2011,,2011
2009_WorldCup_seuredsun,,,,,,,,,,,,,,,,,,,,,,,,,,,,,,,,,,,,,,,,,,,,,,,,,,,,,,,,,,,,,,,,,,,,,,,,,,,,,,,,,,,,,,,,,,,,,,,,,,,,,,,,,,,,,,,,,,,,,,,,,,,,,,,,,,,,,,,,,,,,,,,,,,,,,,,,,,,,,,,,,,,,,,,,,,,,,,,,,,,,,,,,,,,,,,,,,,,,,,,,,,,,,,,,,,,,,,,,,,,,,,,,0,WorldCup,/home/se-metrics/root/data-binaries-3D//WorldCup2009/seuredsun.tar.gz,seuredsun,,/home/se-metrics/root/data_binaries-3D-proccessed//2009_WorldCup_seuredsun,2009_WorldCup_seuredsun,,2009
2010_WorldCup_NomoFC_binary_2010,,,,,,,,,,,,,,,,,,,,,,,,,,,,,,,,,,,,,,,,,,,,,,,,,,,,,,,,,,,,,,,,,,,,,,,,,,,,,,,,,,,,,,,,,,,,,,,,,,,,,,,,,,,,,,,,,,,,,,,,,,,,,,,,,,,,,,,,,,,,,,,,,,,,,,,,,,,,,,,,,,,,,,,,,,,,,,,,,,,,,,,,,,,,,,,,,,,,,,,,,,,,,,,,,,,,,,,,,,,,,,,,,WorldCup,/home/se-metrics/root/data-binaries-3D//WorldCup2010/NomoFC_binary_2010.tar.gz,NomoFC_binary_2010,,/home/se-metrics/root/data_binaries-3D-proccessed//2010_WorldCup_NomoFC_binary_2010,2010_WorldCup_NomoFC_binary_2010,,2010
2009_WorldCup_persia,,,,,,,,,,,,,,,,,,,,,,,,,,,,,,,,,,,,,,,,,,,,,,,,,,,,,,,,,,,,,,,,,,,,,,,,,,,,,,,,,,,,,,,,,,,,,,,,,,,,,,,,,,,,,,,,,,,,,,,,,,,,,,,,,,,,,,,,,,,,,,,,,,,,,,,,,,,,,,,,,,,,,,,,,,,,,,,,,,,,,,,,,,,,,,,,,,,,,,,,,,,,,,,,,,,,,,,,,,,,,,,,0,WorldCup,/home/se-metrics/root/data-binaries-3D//WorldCup2009/persia.tar.gz,persia,,/home/se-metrics/root/data_binaries-3D-proccessed//2009_WorldCup_persia,2009_WorldCup_persia,,2009
2015_WorldCup_fcportugal,,,,,,,,,,,,,,,,,,,,,,,,,,,,,,,,,,,,,,,,,,,,,,,,,,,,,,,,,,,,,,,,,,,,,,,,,,,,,,,,,,,,,,,,,,,,,,,,,,,,,,,,,,,,,,,,,,,,,,,,,,,,,,,,,,,,,,,,,,,,,,,,,,,,,,,,,,,,,,,,,,,,,,,,,,,,,,,,,,,,,,,,,,,,,,,,,,,,,,,,,,,,,,,,,,,,,,,,,,,,,,,,,WorldCup,/home/se-metrics/root/data-binaries-3D//WorldCup2015/fcportugal.tar.bz2,fcportugal,,/home/se-metrics/root/data_binaries-3D-proccessed//2015_WorldCup_fcportugal,2015_WorldCup_fcportugal,,2015
2015_ChinaOpens_Sainty3D,,,,,,,,,,,,,,,,,,,,,,,,,,,,,,,,,,,,,,,,,,,,,,,,,,,,,,,,,,,,,,,,,,,,,,,,,,,,,,,,,,,,,,,,,,,,,,,,,,,,,,,,,,,,,,,,,,,,,,,,,,,,,,,,,,,,,,,,,,,,,,,,,,,,,,,,,,,,,,,,,,,,,,,,,,,,,,,,,,,,,,,,,,,,,,,,,,,,,,,,,,,,,,,,,,,,,,,,,,,,,,,,0,ChinaOpens,/home/se-metrics/root/data-binaries-3D//ChinaOpens2015/Sainty3D.tar.gz,Sainty3D,,/home/se-metrics/root/data_binaries-3D-proccessed//2015_ChinaOpens_Sainty3D,2015_ChinaOpens_Sainty3D,,2015
2009_WorldCup_fcportugal_bin,,,,,,,,,,,,,,,,,,,,,,,,,,,,,,,,,,,,,,,,,,,,,,,,,,,,,,,,,,,,,,,,,,,,,,,,,,,,,,,,,,,,,,,,,,,,,,,,,,,,,,,,,,,,,,,,,,,,,,,,,,,,,,,,,,,,,,,,,,,,,,,,,,,,,,,,,,,,,,,,,,,,,,,,,,,,,,,,,,,,,,,,,,,,,,,,,,,,,,,,,,,,,,,,,,,,,,,,,,,,,,,,,WorldCup,/home/se-metrics/root/data-binaries-3D//WorldCup2009/fcportugal_bin.tgz,fcportugal_bin,,/home/se-metrics/root/data_binaries-3D-proccessed//2009_WorldCup_fcportugal_bin,2009_WorldCup_fcportugal_bin,,2009
2009_WorldCup_hfutengine,,,,,,,,,,,,,,,,,,,,,,,,,,,,,,,,,,,,,,,,,,,,,,,,,,,,,,,,,,,,,,,,,,,,,,,,,,,,,,,,,,,,,,,,,,,,,,,,,,,,,,,,,,,,,,,,,,,,,,,,,,,,,,,,,,,,,,,,,,,,,,,,,,,,,,,,,,,,,,,,,,,,,,,,,,,,,,,,,,,,,,,,,,,,,,,,,,,,,,,,,,,,,,,,,,,,,,,,,,,,,,,,0,WorldCup,/home/se-metrics/root/data-binaries-3D//WorldCup2009/hfutengine.tar.gz,hfutengine,,/home/se-metrics/root/data_binaries-3D-proccessed//2009_WorldCup_hfutengine,2009_WorldCup_hfutengine,,2009
2012_ChinaOpens_NeverMost,,,,,,,,,,,,,,,,,,,,,,,,,,,,,,,,,,,,,,,,,,,,,,,,,,,,,,,,,,,,,,,,,,,,,,,,,,,,,,,,,,,,,,,,,,,,,,,,,,,,,,,,,,,,,,,,,,,,,,,,,,,,,,,,,,,,,,,,,,,,,,,,,,,,,,,,,,,,,,,,,,,,,,,,,,,,,,,,,,,,,,,,,,,,,,,,,,,,,,,,,,,,,,,,,,,,,,,,,,,,,,,,,ChinaOpens,/home/se-metrics/root/data-binaries-3D//ChinaOpens2012/NeverMost.tar.gz,NeverMost,,/home/se-metrics/root/data_binaries-3D-proccessed//2012_ChinaOpens_NeverMost,2012_ChinaOpens_NeverMost,,2012
2009_WorldCup_bahia,,,,,,,,,,,,,,,,,,,,,,,,,,,,,,,,,,,,,,,,,,,,,,,,,,,,,,,,,,,,,,,,,,,,,,,,,,,,,,,,,,,,,,,,,,,,,,,,,,,,,,,,,,,,,,,,,,,,,,,,,,,,,,,,,,,,,,,,,,,,,,,,,,,,,,,,,,,,,,,,,,,,,,,,,,,,,,,,,,,,,,,,,,,,,,,,,,,,,,,,,,,,,,,,,,,,,,,,,,,,,,,,0,WorldCup,/home/se-metrics/root/data-binaries-3D//WorldCup2009/bahia.tar.gz,bahia,,/home/se-metrics/root/data_binaries-3D-proccessed//2009_WorldCup_bahia,2009_WorldCup_bahia,,2009
2010_WorldCup_SEURedSun,,,,,,,,,,,,,,,,,,,,,,,,,,,,,,,,,,,,,,,,,,,,,,,,,,,,,,,,,,,,,,,,,,,,,,,,,,,,,,,,,,,,,,,,,,,,,,,,,,,,,,,,,,,,,,,,,,,,,,,,,,,,,,,,,,,,,,,,,,,,,,,,,,,,,,,,,,,,,,,,,,,,,,,,,,,,,,,,,,,,,,,,,,,,,,,,,,,,,,,,,,,,,,,,,,,,,,,,,,,,,,,,,WorldCup,/home/se-metrics/root/data-binaries-3D//WorldCup2010/SEURedSun.tar.gz,SEURedSun,,/home/se-metrics/root/data_binaries-3D-proccessed//2010_WorldCup_SEURedSun,2010_WorldCup_SEURedSun,,2010
2012_ChinaOpens_hfutengine3d,,,,,,,,,,,,,,,,,,,,,,,,,,,,,,,,,,,,,,,,,,,,,,,,,,,,,,,,,,,,,,,,,,,,,,,,,,,,,,,,,,,,,,,,,,,,,,,,,,,,,,,,,,,,,,,,,,,,,,,,,,,,,,,,,,,,,,,,,,,,,,,,,,,,,,,,,,,,,,,,,,,,,,,,,,,,,,,,,,,,,,,,,,,,,,,,,,,,,,,,,,,,,,,,,,,,,,,,,,,,,,,,0,ChinaOpens,/home/se-metrics/root/data-binaries-3D//ChinaOpens2012/hfutengine3d.tar.gz,hfutengine3d,,/home/se-metrics/root/data_binaries-3D-proccessed//2012_ChinaOpens_hfutengine3d,2012_ChinaOpens_hfutengine3d,,2012
2011_GermanOpens_magma,,,,,,,,,,,,,,,,,,,,,,,,,,,,,,,,,,,,,,,,,,,,,,,,,,,,,,,,,,,,,,,,,,,,,,,,,,,,,,,,,,,,,,,,,,,,,,,,,,,,,,,,,,,,,,,,,,,,,,,,,,,,,,,,,,,,,,,,,,,,,,,,,,,,,,,,,,,,,,,,,,,,,,,,,,,,,,,,,,,,,,,,,,,,,,,,,,,,,,,,,,,,,,,,,,,,,,,,,,,,,,,,,GermanOpens,/home/se-metrics/root/data-binaries-3D//GermanOpens2011/magma.tar.gz,magma,,/home/se-metrics/root/data_binaries-3D-proccessed//2011_GermanOpens_magma,2011_GermanOpens_magma,,2011
2005_SpringCompetitions_NITroG,,,,,,,,,,,,,,,,,,,,,,,,,,,,,,,,,,,,,,,,,,,,,,,,,,,,,,,,,,,,,,,,,,,,,,,,,,,,,,,,,,,,,,,,,,,,,,,,,,,,,,,,,,,,,,,,,,,,,,,,,,,,,,,,,,,,,,,,,,,,,,,,,,,,,,,,,,,,,,,,,,,,,,,,,,,,,,,,,,,,,,,,,,,,,,,,,,,,,,,,,,,,,,,,,,,,,,,,,,,,,,,,0,SpringCompetitions,/home/se-metrics/root/data-binaries-3D//SpringCompetitions2005/NITroG,NITroG,,/home/se-metrics/root/data_binaries-3D-proccessed//2005_SpringCompetitions_NITroG,2005_SpringCompetitions_NITroG,,2005
2014_WorldCup_karachikoalas,,,,,,,,,,,,,,,,,,,,,,,,,,,,,,,,,,,,,,,,,,,,,,,,,,,,,,,,,,,,,,,,,,,,,,,,,,,,,,,,,,,,,,,,,,,,,,,,,,,,,,,,,,,,,,,,,,,,,,,,,,,,,,,,,,,,,,,,,,,,,,,,,,,,,,,,,,,,,,,,,,,,,,,,,,,,,,,,,,,,,,,,,,,,,,,,,,,,,,,,,,,,,,,,,,,,,,,,,,,,,,,,,WorldCup,/home/se-metrics/root/data-binaries-3D//WorldCup2014/karachikoalas.tar.gz,karachikoalas,,/home/se-metrics/root/data_binaries-3D-proccessed//2014_WorldCup_karachikoalas,2014_WorldCup_karachikoalas,,2014
2009_WorldCup_futk,/home/se-metrics/root/data_binaries-3D-proccessed//2009_WorldCup_futk/futk/offence; /home/se-metrics/root/data_binaries-3D-proccessed//2009_WorldCup_futk/futk/defence; /home/se-metrics/root/data_binaries-3D-proccessed//2009_WorldCup_futk/futk/keeper,3,0,0,0,,,,,,,,,,,,,,,,,,,,,,,,,,,,,,,,,,,,,,,,,,,,,,,,,,,,,,,,,,,,,,,,,,,,,,,,,,,,,,,,,,,,,,,,,,,,,,,,,,,,,,,,,,,,,,,,,,,,,,,,,,,,,,,,,,,,,,,,,,,,,,,,,,,,,,,,,,,,,,,,,,,,,,,,,,,,,,,,,,,,,,,,,,,,,,,,,,,,,,,,,,,,,,,,,,,,,,,,,,,,WorldCup,/home/se-metrics/root/data-binaries-3D//WorldCup2009/futk.tar.gz,futk,,/home/se-metrics/root/data_binaries-3D-proccessed//2009_WorldCup_futk,2009_WorldCup_futk,,2009
2008_WorldCup_utaustinvilla_rc08,,,,,,,,,,,,,,,,,,,,,,,,,,,,,,,,,,,,,,,,,,,,,,,,,,,,,,,,,,,,,,,,,,,,,,,,,,,,,,,,,,,,,,,,,,,,,,,,,,,,,,,,,,,,,,,,,,,,,,,,,,,,,,,,,,,,,,,,,,,,,,,,,,,,,,,,,,,,,,,,,,,,,,,,,,,,,,,,,,,,,,,,,,,,,,,,,,,,,,,,,,,,,,,,,,,,,,,,,,,,,,,,0,WorldCup,/home/se-metrics/root/data-binaries-3D//WorldCup2008/utaustinvilla_rc08.tar.gz,utaustinvilla_rc08,,/home/se-metrics/root/data_binaries-3D-proccessed//2008_WorldCup_utaustinvilla_rc08,2008_WorldCup_utaustinvilla_rc08,,2008
2008_WorldCup_bats_rc08,,,,,,,,,,,,,,,,,,,,,,,,,,,,,,,,,,,,,,,,,,,,,,,,,,,,,,,,,,,,,,,,,,,,,,,,,,,,,,,,,,,,,,,,,,,,,,,,,,,,,,,,,,,,,,,,,,,,,,,,,,,,,,,,,,,,,,,,,,,,,,,,,,,,,,,,,,,,,,,,,,,,,,,,,,,,,,,,,,,,,,,,,,,,,,,,,,,,,,,,,,,,,,,,,,,,,,,,,,,,,,,,0,WorldCup,/home/se-metrics/root/data-binaries-3D//WorldCup2008/bats_rc08.tar.gz,bats_rc08,,/home/se-metrics/root/data_binaries-3D-proccessed//2008_WorldCup_bats_rc08,2008_WorldCup_bats_rc08,,2008
2008_WorldCup_nomofc_rc08,,,,,,,,,,,,,,,,,,,,,,,,,,,,,,,,,,,,,,,,,,,,,,,,,,,,,,,,,,,,,,,,,,,,,,,,,,,,,,,,,,,,,,,,,,,,,,,,,,,,,,,,,,,,,,,,,,,,,,,,,,,,,,,,,,,,,,,,,,,,,,,,,,,,,,,,,,,,,,,,,,,,,,,,,,,,,,,,,,,,,,,,,,,,,,,,,,,,,,,,,,,,,,,,,,,,,,,,,,,,,,,,,WorldCup,/home/se-metrics/root/data-binaries-3D//WorldCup2008/nomofc_rc08.tar.gz,nomofc_rc08,,/home/se-metrics/root/data_binaries-3D-proccessed//2008_WorldCup_nomofc_rc08,2008_WorldCup_nomofc_rc08,,2008
2015_ChinaOpens_BlueSpider,,,,,,,,,,,,,,,,,,,,,,,,,,,,,,,,,,,,,,,,,,,,,,,,,,,,,,,,,,,,,,,,,,,,,,,,,,,,,,,,,,,,,,,,,,,,,,,,,,,,,,,,,,,,,,,,,,,,,,,,,,,,,,,,,,,,,,,,,,,,,,,,,,,,,,,,,,,,,,,,,,,,,,,,,,,,,,,,,,,,,,,,,,,,,,,,,,,,,,,,,,,,,,,,,,,,,,,,,,,,,,,,0,ChinaOpens,/home/se-metrics/root/data-binaries-3D//ChinaOpens2015/BlueSpider.tar.gz,BlueSpider,,/home/se-metrics/root/data_binaries-3D-proccessed//2015_ChinaOpens_BlueSpider,2015_ChinaOpens_BlueSpider,,2015
2012_ChinaOpens_apollo3d,,,,,,,,,,,,,,,,,,,,,,,,,,,,,,,,,,,,,,,,,,,,,,,,,,,,,,,,,,,,,,,,,,,,,,,,,,,,,,,,,,,,,,,,,,,,,,,,,,,,,,,,,,,,,,,,,,,,,,,,,,,,,,,,,,,,,,,,,,,,,,,,,,,,,,,,,,,,,,,,,,,,,,,,,,,,,,,,,,,,,,,,,,,,,,,,,,,,,,,,,,,,,,,,,,,,,,,,,,,,,,,,,ChinaOpens,/home/se-metrics/root/data-binaries-3D//ChinaOpens2012/apollo3d.tar.gz,apollo3d,,/home/se-metrics/root/data_binaries-3D-proccessed//2012_ChinaOpens_apollo3d,2012_ChinaOpens_apollo3d,,2012
2014_WorldCup_odens,,,,,,,,,,,,,,,,,,,,,,,,,,,,,,,,,,,,,,,,,,,,,,,,,,,,,,,,,,,,,,,,,,,,,,,,,,,,,,,,,,,,,,,,,,,,,,,,,,,,,,,,,,,,,,,,,,,,,,,,,,,,,,,,,,,,,,,,,,,,,,,,,,,,,,,,,,,,,,,,,,,,,,,,,,,,,,,,,,,,,,,,,,,,,,,,,,,,,,,,,,,,,,,,,,,,,,,,,,,,,,,,0,WorldCup,/home/se-metrics/root/data-binaries-3D//WorldCup2014/odens.tar.gz,odens,,/home/se-metrics/root/data_binaries-3D-proccessed//2014_WorldCup_odens,2014_WorldCup_odens,,2014
2008_WorldCup_fantasia_rc08,,,,,,,,,,,,,,,,,,,,,,,,,,,,,,,,,,,,,,,,,,,,,,,,,,,,,,,,,,,,,,,,,,,,,,,,,,,,,,,,,,,,,,,,,,,,,,,,,,,,,,,,,,,,,,,,,,,,,,,,,,,,,,,,,,,,,,,,,,,,,,,,,,,,,,,,,,,,,,,,,,,,,,,,,,,,,,,,,,,,,,,,,,,,,,,,,,,,,,,,,,,,,,,,,,,,,,,,,,,,,,,,,WorldCup,/home/se-metrics/root/data-binaries-3D//WorldCup2008/fantasia_rc08.tar.gz,fantasia_rc08,,/home/se-metrics/root/data_binaries-3D-proccessed//2008_WorldCup_fantasia_rc08,2008_WorldCup_fantasia_rc08,,2008
2008_WorldCup_seu_rc08,,,,,,,,,,,,,,,,,,,,,,,,,,,,,,,,,,,,,,,,,,,,,,,,,,,,,,,,,,,,,,,,,,,,,,,,,,,,,,,,,,,,,,,,,,,,,,,,,,,,,,,,,,,,,,,,,,,,,,,,,,,,,,,,,,,,,,,,,,,,,,,,,,,,,,,,,,,,,,,,,,,,,,,,,,,,,,,,,,,,,,,,,,,,,,,,,,,,,,,,,,,,,,,,,,,,,,,,,,,,,,,,0,WorldCup,/home/se-metrics/root/data-binaries-3D//WorldCup2008/seu_rc08.tar.gz,seu_rc08,,/home/se-metrics/root/data_binaries-3D-proccessed//2008_WorldCup_seu_rc08,2008_WorldCup_seu_rc08,,2008
2010_WorldCup_utaustinvilla,,,,,,,,,,,,,,,,,,,,,,,,,,,,,,,,,,,,,,,,,,,,,,,,,,,,,,,,,,,,,,,,,,,,,,,,,,,,,,,,,,,,,,,,,,,,,,,,,,,,,,,,,,,,,,,,,,,,,,,,,,,,,,,,,,,,,,,,,,,,,,,,,,,,,,,,,,,,,,,,,,,,,,,,,,,,,,,,,,,,,,,,,,,,,,,,,,,,,,,,,,,,,,,,,,,,,,,,,,,,,,,,,WorldCup,/home/se-metrics/root/data-binaries-3D//WorldCup2010/utaustinvilla.tar.gz,utaustinvilla,,/home/se-metrics/root/data_binaries-3D-proccessed//2010_WorldCup_utaustinvilla,2010_WorldCup_utaustinvilla,,2010
2009_WorldCup_bats,,,,,,,,,,,,,,,,,,,,,,,,,,,,,,,,,,,,,,,,,,,,,,,,,,,,,,,,,,,,,,,,,,,,,,,,,,,,,,,,,,,,,,,,,,,,,,,,,,,,,,,,,,,,,,,,,,,,,,,,,,,,,,,,,,,,,,,,,,,,,,,,,,,,,,,,,,,,,,,,,,,,,,,,,,,,,,,,,,,,,,,,,,,,,,,,,,,,,,,,,,,,,,,,,,,,,,,,,,,,,,,,0,WorldCup,/home/se-metrics/root/data-binaries-3D//WorldCup2009/bats.tar.gz,bats,,/home/se-metrics/root/data_binaries-3D-proccessed//2009_WorldCup_bats,2009_WorldCup_bats,,2009
2009_WorldCup_lsuamoynq,,,,,,,,,,,,,,,,,,,,,,,,,,,,,,,,,,,,,,,,,,,,,,,,,,,,,,,,,,,,,,,,,,,,,,,,,,,,,,,,,,,,,,,,,,,,,,,,,,,,,,,,,,,,,,,,,,,,,,,,,,,,,,,,,,,,,,,,,,,,,,,,,,,,,,,,,,,,,,,,,,,,,,,,,,,,,,,,,,,,,,,,,,,,,,,,,,,,,,,,,,,,,,,,,,,,,,,,,,,,,,,,,WorldCup,/home/se-metrics/root/data-binaries-3D//WorldCup2009/lsuamoynq.tar.gz,lsuamoynq,,/home/se-metrics/root/data_binaries-3D-proccessed//2009_WorldCup_lsuamoynq,2009_WorldCup_lsuamoynq,,2009
2008_WorldCup_naito_rc08,,,,,,,,,,,,,,,,,,,,,,,,,,,,,,,,,,,,,,,,,,,,,,,,,,,,,,,,,,,,,,,,,,,,,,,,,,,,,,,,,,,,,,,,,,,,,,,,,,,,,,,,,,,,,,,,,,,,,,,,,,,,,,,,,,,,,,,,,,,,,,,,,,,,,,,,,,,,,,,,,,,,,,,,,,,,,,,,,,,,,,,,,,,,,,,,,,,,,,,,,,,,,,,,,,,,,,,,,,,,,,,,0,WorldCup,/home/se-metrics/root/data-binaries-3D//WorldCup2008/naito_rc08.tar.gz,naito_rc08,,/home/se-metrics/root/data_binaries-3D-proccessed//2008_WorldCup_naito_rc08,2008_WorldCup_naito_rc08,,2008
2015_ChinaOpens_Kylinsky3D,,,,,,,,,,,,,,,,,,,,,,,,,,,,,,,,,,,,,,,,,,,,,,,,,,,,,,,,,,,,,,,,,,,,,,,,,,,,,,,,,,,,,,,,,,,,,,,,,,,,,,,,,,,,,,,,,,,,,,,,,,,,,,,,,,,,,,,,,,,,,,,,,,,,,,,,,,,,,,,,,,,,,,,,,,,,,,,,,,,,,,,,,,,,,,,,,,,,,,,,,,,,,,,,,,,,,,,,,,,,,,,,,ChinaOpens,/home/se-metrics/root/data-binaries-3D//ChinaOpens2015/Kylinsky3D.tar.gz,Kylinsky3D,,/home/se-metrics/root/data_binaries-3D-proccessed//2015_ChinaOpens_Kylinsky3D,2015_ChinaOpens_Kylinsky3D,,2015
2010_WorldCup_bats_singapore_2010,,,,,,,,,,,,,,,,,,,,,,,,,,,,,,,,,,,,,,,,,,,,,,,,,,,,,,,,,,,,,,,,,,,,,,,,,,,,,,,,,,,,,,,,,,,,,,,,,,,,,,,,,,,,,,,,,,,,,,,,,,,,,,,,,,,,,,,,,,,,,,,,,,,,,,,,,,,,,,,,,,,,,,,,,,,,,,,,,,,,,,,,,,,,,,,,,,,,,,,,,,,,,,,,,,,,,,,,,,,,,,,,0,WorldCup,/home/se-metrics/root/data-binaries-3D//WorldCup2010/bats_singapore_2010.tar.gz,bats_singapore_2010,,/home/se-metrics/root/data_binaries-3D-proccessed//2010_WorldCup_bats_singapore_2010,2010_WorldCup_bats_singapore_2010,,2010
2010_WorldCup_naoth-rc2010,,,,,,,,,,,,,,,,,,,,,,,,,,,,,,,,,,,,,,,,,,,,,,,,,,,,,,,,,,,,,,,,,,,,,,,,,,,,,,,,,,,,,,,,,,,,,,,,,,,,,,,,,,,,,,,,,,,,,,,,,,,,,,,,,,,,,,,,,,,,,,,,,,,,,,,,,,,,,,,,,,,,,,,,,,,,,,,,,,,,,,,,,,,,,,,,,,,,,,,,,,,,,,,,,,,,,,,,,,,,,,,,,WorldCup,/home/se-metrics/root/data-binaries-3D//WorldCup2010/naoth-rc2010.tar.gz,naoth-rc2010,,/home/se-metrics/root/data_binaries-3D-proccessed//2010_WorldCup_naoth-rc2010,2010_WorldCup_naoth-rc2010,,2010
2012_ChinaOpens_SEU_Jolly,,,,,,,,,,,,,,,,,,,,,,,,,,,,,,,,,,,,,,,,,,,,,,,,,,,,,,,,,,,,,,,,,,,,,,,,,,,,,,,,,,,,,,,,,,,,,,,,,,,,,,,,,,,,,,,,,,,,,,,,,,,,,,,,,,,,,,,,,,,,,,,,,,,,,,,,,,,,,,,,,,,,,,,,,,,,,,,,,,,,,,,,,,,,,,,,,,,,,,,,,,,,,,,,,,,,,,,,,,,,,,,,0,ChinaOpens,/home/se-metrics/root/data-binaries-3D//ChinaOpens2012/SEU_Jolly.tar.gz,SEU_Jolly,,/home/se-metrics/root/data_binaries-3D-proccessed//2012_ChinaOpens_SEU_Jolly,2012_ChinaOpens_SEU_Jolly,,2012
2010_WorldCup_opuCI_3D_RC2010,,,,,,,,,,,,,,,,,,,,,,,,,,,,,,,,,,,,,,,,,,,,,,,,,,,,,,,,,,,,,,,,,,,,,,,,,,,,,,,,,,,,,,,,,,,,,,,,,,,,,,,,,,,,,,,,,,,,,,,,,,,,,,,,,,,,,,,,,,,,,,,,,,,,,,,,,,,,,,,,,,,,,,,,,,,,,,,,,,,,,,,,,,,,,,,,,,,,,,,,,,,,,,,,,,,,,,,,,,,,,,,,,WorldCup,/home/se-metrics/root/data-binaries-3D//WorldCup2010/opuCI_3D_RC2010.tar.gz,opuCI_3D_RC2010,,/home/se-metrics/root/data_binaries-3D-proccessed//2010_WorldCup_opuCI_3D_RC2010,2010_WorldCup_opuCI_3D_RC2010,,2010
2014_WorldCup_mithras3d,,,,,,,,,,,,,,,,,,,,,,,,,,,,,,,,,,,,,,,,,,,,,,,,,,,,,,,,,,,,,,,,,,,,,,,,,,,,,,,,,,,,,,,,,,,,,,,,,,,,,,,,,,,,,,,,,,,,,,,,,,,,,,,,,,,,,,,,,,,,,,,,,,,,,,,,,,,,,,,,,,,,,,,,,,,,,,,,,,,,,,,,,,,,,,,,,,,,,,,,,,,,,,,,,,,,,,,,,,,,,,,,0,WorldCup,/home/se-metrics/root/data-binaries-3D//WorldCup2014/mithras3d.tar.gz,mithras3d,,/home/se-metrics/root/data_binaries-3D-proccessed//2014_WorldCup_mithras3d,2014_WorldCup_mithras3d,,2014
2009_WorldCup_sama,,,,,,,,,,,,,,,,,,,,,,,,,,,,,,,,,,,,,,,,,,,,,,,,,,,,,,,,,,,,,,,,,,,,,,,,,,,,,,,,,,,,,,,,,,,,,,,,,,,,,,,,,,,,,,,,,,,,,,,,,,,,,,,,,,,,,,,,,,,,,,,,,,,,,,,,,,,,,,,,,,,,,,,,,,,,,,,,,,,,,,,,,,,,,,,,,,,,,,,,,,,,,,,,,,,,,,,,,,,,,,,,,WorldCup,/home/se-metrics/root/data-binaries-3D//WorldCup2009/sama.tar.gz,sama,,/home/se-metrics/root/data_binaries-3D-proccessed//2009_WorldCup_sama,2009_WorldCup_sama,,2009
2015_ChinaOpens_Miracle3D,,,,,,,,,,,,,,,,,,,,,,,,,,,,,,,,,,,,,,,,,,,,,,,,,,,,,,,,,,,,,,,,,,,,,,,,,,,,,,,,,,,,,,,,,,,,,,,,,,,,,,,,,,,,,,,,,,,,,,,,,,,,,,,,,,,,,,,,,,,,,,,,,,,,,,,,,,,,,,,,,,,,,,,,,,,,,,,,,,,,,,,,,,,,,,,,,,,,,,,,,,,,,,,,,,,,,,,,,,,,,,,,0,ChinaOpens,/home/se-metrics/root/data-binaries-3D//ChinaOpens2015/Miracle3D.tar.gz,Miracle3D,,/home/se-metrics/root/data_binaries-3D-proccessed//2015_ChinaOpens_Miracle3D,2015_ChinaOpens_Miracle3D,,2015
2009_WorldCup_bmp,,,,,,,,,,,,,,,,,,,,,,,,,,,,,,,,,,,,,,,,,,,,,,,,,,,,,,,,,,,,,,,,,,,,,,,,,,,,,,,,,,,,,,,,,,,,,,,,,,,,,,,,,,,,,,,,,,,,,,,,,,,,,,,,,,,,,,,,,,,,,,,,,,,,,,,,,,,,,,,,,,,,,,,,,,,,,,,,,,,,,,,,,,,,,,,,,,,,,,,,,,,,,,,,,,,,,,,,,,,,,,,,,WorldCup,/home/se-metrics/root/data-binaries-3D//WorldCup2009/bmp.tar.gz,bmp,,/home/se-metrics/root/data_binaries-3D-proccessed//2009_WorldCup_bmp,2009_WorldCup_bmp,,2009
2014_WorldCup_bahiart,,,,,,,,,,,,,,,,,,,,,,,,,,,,,,,,,,,,,,,,,,,,,,,,,,,,,,,,,,,,,,,,,,,,,,,,,,,,,,,,,,,,,,,,,,,,,,,,,,,,,,,,,,,,,,,,,,,,,,,,,,,,,,,,,,,,,,,,,,,,,,,,,,,,,,,,,,,,,,,,,,,,,,,,,,,,,,,,,,,,,,,,,,,,,,,,,,,,,,,,,,,,,,,,,,,,,,,,,,,,,,,,0,WorldCup,/home/se-metrics/root/data-binaries-3D//WorldCup2014/bahiart.tar.gz,bahiart,,/home/se-metrics/root/data_binaries-3D-proccessed//2014_WorldCup_bahiart,2014_WorldCup_bahiart,,2014
2005_SpringCompetitions_RaiC,,,,,,0.581632653061,0.421052631579,0,0,2,0,0,2,1,1.16756235952,0.606976978667,8,0.368421052632,2.31810477917,1.53330864273,1,1,4.16666666667,1,1,4.16666666667,1.51098901099,1.845283427,0.972956293952,29.1328642118,0.946643949941,0.0739802707848,7.16233566372,1,1,23.8333333333,4,1,23.8333333333,8.87912087912,1.21081065198,7.63111193426,136.084377611,58.2338693533,1.49472819181,0.792860186905,1,0.37969924812,2.33333333333,1,0,2.33333333333,1,0.622783867514,0.577991660553,15.0643435512,0.334074359668,4.50027573529,0.421052631579,0,0,3,0,0,3,0.5,2.1785638905,0.837707816583,8,0.701754385965,0.11,4.50027573529,0.421052631579,0,0,3,0,0,3,0.5,2.1785638905,0.837707816583,8,0.701754385965,9.47675365432,5.84210526316,1,1,38,2,1,38,7.5,2.86234910327,8.95831803344,111,80.2514619883,9.22461974046,86.0526315789,1,3,667,13,1,667,94.5,2.86651251478,162.890376799,1635,26533.2748538,1.66527069384,22.9473684211,1,1,112,4,1,112,31,1.63832749372,34.0040417274,436,1156.2748538,12.9355940893,3.57894736842,0,0,27,2,0,27,5,3.35183779396,6.14017543609,68,37.701754386,6.50865051903,0.105263157895,0,0,1,0,0,1,0,2.79843956402,0.315301767642,2,0.0994152046784,6.95568020011,7.26315789474,1,1,38,3,1,38,12.5,2.32803541628,9.05441638872,138,81.9824561404,4.02763251735,0.842105263158,0,0,6,0,0,6,0.5,2.23244204681,1.80318107474,16,3.2514619883,5.18873160643,5.68421052632,1,1,28,3,1,28,6.5,2.12505228974,6.93663888813,108,48.1169590643,2.81535897357,12.8421052632,1,1,59,8,1,59,20.5,1.62602559464,15.7489440842,244,248.029239766,18.44545303,7.05263157895,0,0,114,0,0,114,0.5,4.27315505091,26.060770186,134,679.16374269,1,0.0233918128655,1782,1635,13,19,11,19,138,,SpringCompetitions,/home/se-metrics/root/data-binaries-3D//SpringCompetitions2005/RaiC,RaiC,True,/home/se-metrics/root/data_binaries-3D-proccessed//2005_SpringCompetitions_RaiC,2005_SpringCompetitions_RaiC,C++,2005
2008_WorldCup_borregos_rc08,,0,0,0,0,,,,,,,,,,,,,,,,,,,,,,,,,,,,,,,,,,,,,,,,,,,,,,,,,,,,,,,,,,,,,,,,,,,,,,,,,,,,,,,,,,,,,,,,,,,,,,,,,,,,,,,,,,,,,,,,,,,,,,,,,,,,,,,,,,,,,,,,,,,,,,,,,,,,,,,,,,,,,,,,,,,,,,,,,,,,,,,,,,,,,,,,,,,,,,,,,,,,,,,,,,,,,,,,,,,,,,,,,,,,WorldCup,/home/se-metrics/root/data-binaries-3D//WorldCup2008/borregos_rc08.tar.gz,borregos_rc08,,/home/se-metrics/root/data_binaries-3D-proccessed//2008_WorldCup_borregos_rc08,2008_WorldCup_borregos_rc08,,2008
2014_WorldCup_fut-k,/home/se-metrics/root/data_binaries-3D-proccessed//2014_WorldCup_fut-k/fut-k/ticktack; /home/se-metrics/root/data_binaries-3D-proccessed//2014_WorldCup_fut-k/fut-k/FUT-K/ticktack; /home/se-metrics/root/data_binaries-3D-proccessed//2014_WorldCup_fut-k/fut-k/dropin/ticktack; /home/se-metrics/root/data_binaries-3D-proccessed//2014_WorldCup_fut-k/fut-k/runchallenge/ticktack,4,0,0,0,,,,,,,,,,,,,,,,,,,,,,,,,,,,,,,,,,,,,,,,,,,,,,,,,,,,,,,,,,,,,,,,,,,,,,,,,,,,,,,,,,,,,,,,,,,,,,,,,,,,,,,,,,,,,,,,,,,,,,,,,,,,,,,,,,,,,,,,,,,,,,,,,,,,,,,,,,,,,,,,,,,,,,,,,,,,,,,,,,,,,,,,,,,,,,,,,,,,,,,,,,,,,,,,,,,,,,,,,,,,WorldCup,/home/se-metrics/root/data-binaries-3D//WorldCup2014/fut-k.tar.gz,fut-k,,/home/se-metrics/root/data_binaries-3D-proccessed//2014_WorldCup_fut-k,2014_WorldCup_fut-k,,2014
2008_WorldCup_jmu_rc08,,,,,,,,,,,,,,,,,,,,,,,,,,,,,,,,,,,,,,,,,,,,,,,,,,,,,,,,,,,,,,,,,,,,,,,,,,,,,,,,,,,,,,,,,,,,,,,,,,,,,,,,,,,,,,,,,,,,,,,,,,,,,,,,,,,,,,,,,,,,,,,,,,,,,,,,,,,,,,,,,,,,,,,,,,,,,,,,,,,,,,,,,,,,,,,,,,,,,,,,,,,,,,,,,,,,,,,,,,,,,,,,0,WorldCup,/home/se-metrics/root/data-binaries-3D//WorldCup2008/jmu_rc08.tar.gz,jmu_rc08,,/home/se-metrics/root/data_binaries-3D-proccessed//2008_WorldCup_jmu_rc08,2008_WorldCup_jmu_rc08,,2008
2015_ChinaOpens_NPU,,,,,,,,,,,,,,,,,,,,,,,,,,,,,,,,,,,,,,,,,,,,,,,,,,,,,,,,,,,,,,,,,,,,,,,,,,,,,,,,,,,,,,,,,,,,,,,,,,,,,,,,,,,,,,,,,,,,,,,,,,,,,,,,,,,,,,,,,,,,,,,,,,,,,,,,,,,,,,,,,,,,,,,,,,,,,,,,,,,,,,,,,,,,,,,,,,,,,,,,,,,,,,,,,,,,,,,,,,,,,,,,,ChinaOpens,/home/se-metrics/root/data-binaries-3D//ChinaOpens2015/NPU.tar.gz,NPU,,/home/se-metrics/root/data_binaries-3D-proccessed//2015_ChinaOpens_NPU,2015_ChinaOpens_NPU,,2015
2008_WorldCup_fcportugal_rc08,,,,,,,,,,,,,,,,,,,,,,,,,,,,,,,,,,,,,,,,,,,,,,,,,,,,,,,,,,,,,,,,,,,,,,,,,,,,,,,,,,,,,,,,,,,,,,,,,,,,,,,,,,,,,,,,,,,,,,,,,,,,,,,,,,,,,,,,,,,,,,,,,,,,,,,,,,,,,,,,,,,,,,,,,,,,,,,,,,,,,,,,,,,,,,,,,,,,,,,,,,,,,,,,,,,,,,,,,,,,,,,,0,WorldCup,/home/se-metrics/root/data-binaries-3D//WorldCup2008/fcportugal_rc08.tar.gz,fcportugal_rc08,,/home/se-metrics/root/data_binaries-3D-proccessed//2008_WorldCup_fcportugal_rc08,2008_WorldCup_fcportugal_rc08,,2008
2009_WorldCup_nomofc,,,,,,,,,,,,,,,,,,,,,,,,,,,,,,,,,,,,,,,,,,,,,,,,,,,,,,,,,,,,,,,,,,,,,,,,,,,,,,,,,,,,,,,,,,,,,,,,,,,,,,,,,,,,,,,,,,,,,,,,,,,,,,,,,,,,,,,,,,,,,,,,,,,,,,,,,,,,,,,,,,,,,,,,,,,,,,,,,,,,,,,,,,,,,,,,,,,,,,,,,,,,,,,,,,,,,,,,,,,,,,,,,WorldCup,/home/se-metrics/root/data-binaries-3D//WorldCup2009/nomofc.tar.gz,nomofc,,/home/se-metrics/root/data_binaries-3D-proccessed//2009_WorldCup_nomofc,2009_WorldCup_nomofc,,2009
2008_WorldCup_mrl_rc08,,,,,,,,,,,,,,,,,,,,,,,,,,,,,,,,,,,,,,,,,,,,,,,,,,,,,,,,,,,,,,,,,,,,,,,,,,,,,,,,,,,,,,,,,,,,,,,,,,,,,,,,,,,,,,,,,,,,,,,,,,,,,,,,,,,,,,,,,,,,,,,,,,,,,,,,,,,,,,,,,,,,,,,,,,,,,,,,,,,,,,,,,,,,,,,,,,,,,,,,,,,,,,,,,,,,,,,,,,,,,,,,0,WorldCup,/home/se-metrics/root/data-binaries-3D//WorldCup2008/mrl_rc08.tar.gz,mrl_rc08,,/home/se-metrics/root/data_binaries-3D-proccessed//2008_WorldCup_mrl_rc08,2008_WorldCup_mrl_rc08,,2008
2009_WorldCup_nexus,,,,,,,,,,,,,,,,,,,,,,,,,,,,,,,,,,,,,,,,,,,,,,,,,,,,,,,,,,,,,,,,,,,,,,,,,,,,,,,,,,,,,,,,,,,,,,,,,,,,,,,,,,,,,,,,,,,,,,,,,,,,,,,,,,,,,,,,,,,,,,,,,,,,,,,,,,,,,,,,,,,,,,,,,,,,,,,,,,,,,,,,,,,,,,,,,,,,,,,,,,,,,,,,,,,,,,,,,,,,,,,,,WorldCup,/home/se-metrics/root/data-binaries-3D//WorldCup2009/nexus.tar.gz,nexus,,/home/se-metrics/root/data_binaries-3D-proccessed//2009_WorldCup_nexus,2009_WorldCup_nexus,,2009
2012_ChinaOpens_strive3d,,,,,,,,,,,,,,,,,,,,,,,,,,,,,,,,,,,,,,,,,,,,,,,,,,,,,,,,,,,,,,,,,,,,,,,,,,,,,,,,,,,,,,,,,,,,,,,,,,,,,,,,,,,,,,,,,,,,,,,,,,,,,,,,,,,,,,,,,,,,,,,,,,,,,,,,,,,,,,,,,,,,,,,,,,,,,,,,,,,,,,,,,,,,,,,,,,,,,,,,,,,,,,,,,,,,,,,,,,,,,,,,0,ChinaOpens,/home/se-metrics/root/data-binaries-3D//ChinaOpens2012/strive3d.tar.gz,strive3d,,/home/se-metrics/root/data_binaries-3D-proccessed//2012_ChinaOpens_strive3d,2012_ChinaOpens_strive3d,,2012
2016_WorldCup_FCPortugal3D,,,,,,,,,,,,,,,,,,,,,,,,,,,,,,,,,,,,,,,,,,,,,,,,,,,,,,,,,,,,,,,,,,,,,,,,,,,,,,,,,,,,,,,,,,,,,,,,,,,,,,,,,,,,,,,,,,,,,,,,,,,,,,,,,,,,,,,,,,,,,,,,,,,,,,,,,,,,,,,,,,,,,,,,,,,,,,,,,,,,,,,,,,,,,,,,,,,,,,,,,,,,,,,,,,,,,,,,,,,,,,,,,WorldCup,/home/se-metrics/root/data-binaries-3D//WorldCup2016/FCPortugal3D.tar.gz,FCPortugal3D,,/home/se-metrics/root/data_binaries-3D-proccessed//2016_WorldCup_FCPortugal3D,2016_WorldCup_FCPortugal3D,,2016
2008_WorldCup_wrighteagle_rc08,/home/se-metrics/root/data_binaries-3D-proccessed//2008_WorldCup_wrighteagle_rc08/wrighteagle_rc08/3D,1,0,0,0,,,,,,,,,,,,,,,,,,,,,,,,,,,,,,,,,,,,,,,,,,,,,,,,,,,,,,,,,,,,,,,,,,,,,,,,,,,,,,,,,,,,,,,,,,,,,,,,,,,,,,,,,,,,,,,,,,,,,,,,,,,,,,,,,,,,,,,,,,,,,,,,,,,,,,,,,,,,,,,,,,,,,,,,,,,,,,,,,,,,,,,,,,,,,,,,,,,,,,,,,,,,,,,,,,,,,,,,,,,,WorldCup,/home/se-metrics/root/data-binaries-3D//WorldCup2008/wrighteagle_rc08.tar.gz,wrighteagle_rc08,,/home/se-metrics/root/data_binaries-3D-proccessed//2008_WorldCup_wrighteagle_rc08,2008_WorldCup_wrighteagle_rc08,,2008
2008_WorldCup_amoiensis_rc08,,,,,,,,,,,,,,,,,,,,,,,,,,,,,,,,,,,,,,,,,,,,,,,,,,,,,,,,,,,,,,,,,,,,,,,,,,,,,,,,,,,,,,,,,,,,,,,,,,,,,,,,,,,,,,,,,,,,,,,,,,,,,,,,,,,,,,,,,,,,,,,,,,,,,,,,,,,,,,,,,,,,,,,,,,,,,,,,,,,,,,,,,,,,,,,,,,,,,,,,,,,,,,,,,,,,,,,,,,,,,,,,0,WorldCup,/home/se-metrics/root/data-binaries-3D//WorldCup2008/amoiensis_rc08.tar.gz,amoiensis_rc08,,/home/se-metrics/root/data_binaries-3D-proccessed//2008_WorldCup_amoiensis_rc08,2008_WorldCup_amoiensis_rc08,,2008
2012_ChinaOpens_dreamwing3d,,,,,,,,,,,,,,,,,,,,,,,,,,,,,,,,,,,,,,,,,,,,,,,,,,,,,,,,,,,,,,,,,,,,,,,,,,,,,,,,,,,,,,,,,,,,,,,,,,,,,,,,,,,,,,,,,,,,,,,,,,,,,,,,,,,,,,,,,,,,,,,,,,,,,,,,,,,,,,,,,,,,,,,,,,,,,,,,,,,,,,,,,,,,,,,,,,,,,,,,,,,,,,,,,,,,,,,,,,,,,,,,0,ChinaOpens,/home/se-metrics/root/data-binaries-3D//ChinaOpens2012/dreamwing3d.tar.gz,dreamwing3d,,/home/se-metrics/root/data_binaries-3D-proccessed//2012_ChinaOpens_dreamwing3d,2012_ChinaOpens_dreamwing3d,,2012
2009_WorldCup_opuci,,,,,,,,,,,,,,,,,,,,,,,,,,,,,,,,,,,,,,,,,,,,,,,,,,,,,,,,,,,,,,,,,,,,,,,,,,,,,,,,,,,,,,,,,,,,,,,,,,,,,,,,,,,,,,,,,,,,,,,,,,,,,,,,,,,,,,,,,,,,,,,,,,,,,,,,,,,,,,,,,,,,,,,,,,,,,,,,,,,,,,,,,,,,,,,,,,,,,,,,,,,,,,,,,,,,,,,,,,,,,,,,,WorldCup,/home/se-metrics/root/data-binaries-3D//WorldCup2009/opuci.tar.gz,opuci,,/home/se-metrics/root/data_binaries-3D-proccessed//2009_WorldCup_opuci,2009_WorldCup_opuci,,2009
2015_ChinaOpens_YuShan3D,,,,,,,,,,,,,,,,,,,,,,,,,,,,,,,,,,,,,,,,,,,,,,,,,,,,,,,,,,,,,,,,,,,,,,,,,,,,,,,,,,,,,,,,,,,,,,,,,,,,,,,,,,,,,,,,,,,,,,,,,,,,,,,,,,,,,,,,,,,,,,,,,,,,,,,,,,,,,,,,,,,,,,,,,,,,,,,,,,,,,,,,,,,,,,,,,,,,,,,,,,,,,,,,,,,,,,,,,,,,,,,,0,ChinaOpens,/home/se-metrics/root/data-binaries-3D//ChinaOpens2015/YuShan3D.tar.gz,YuShan3D,,/home/se-metrics/root/data_binaries-3D-proccessed//2015_ChinaOpens_YuShan3D,2015_ChinaOpens_YuShan3D,,2015
2011_GermanOpens_alzahra,,,,,,,,,,,,,,,,,,,,,,,,,,,,,,,,,,,,,,,,,,,,,,,,,,,,,,,,,,,,,,,,,,,,,,,,,,,,,,,,,,,,,,,,,,,,,,,,,,,,,,,,,,,,,,,,,,,,,,,,,,,,,,,,,,,,,,,,,,,,,,,,,,,,,,,,,,,,,,,,,,,,,,,,,,,,,,,,,,,,,,,,,,,,,,,,,,,,,,,,,,,,,,,,,,,,,,,,,,,,,,,,,GermanOpens,/home/se-metrics/root/data-binaries-3D//GermanOpens2011/alzahra.tar.gz,alzahra,,/home/se-metrics/root/data_binaries-3D-proccessed//2011_GermanOpens_alzahra,2011_GermanOpens_alzahra,,2011
2005_SpringCompetitions_TokyoTechSFC,,,,,,0.200579769109,0.470588235294,0,0,2,0,0,2,1,0.997400518525,0.624264272847,8,0.389705882353,0.602574725523,1.59337956505,1,1,3.6,1,1,3.6,1.71428571429,1.44959334218,0.94968040973,27.0874526059,0.901892880626,-0.428315239331,8.92533861048,4,3,24.5,4.8,1,24.5,10.3333333333,1.0467861696,8.3267685171,151.730756378,69.3350739374,-1.2154542448,0.691729323308,1,0.285714285714,1.33333333333,1,0,1.33333333333,1,-0.542119483269,0.438789350724,11.7593984962,0.192536094308,3.69818258664,0.470588235294,0,0,3,0,0,3,1,2.00779892993,0.874474632195,8,0.764705882353,0.12,3.69818258664,0.470588235294,0,0,3,0,0,3,1,2.00779892993,0.874474632195,8,0.764705882353,4.94941092321,2.35294117647,1,1,10,1,1,10,3,2.21388217218,2.49852897898,40,6.24264705882,6.35386973553,110.352941176,4,4,718,5,1,718,124,2.43340168138,189.769907117,1876,36012.6176471,1.10894249337,26.0588235294,4,3,111,5,1,111,35,1.46834150157,34.3246824243,443,1178.18382353,11.1374901845,3.58823529412,0,0,27,1,0,27,5,3.13734264718,6.56752258779,61,43.1323529412,5.44,0.117647058824,0,0,1,0,0,1,0,2.60961186272,0.332105582078,2,0.110294117647,7.24879847659,7.05882352941,1,1,38,2,1,38,10,2.43908934778,9.39727745304,120,88.3088235294,6.99103655134,0.588235294118,0,0,5,0,0,5,0,2.67119095105,1.37198868114,10,1.88235294118,8.24340682196,5.23529411765,1,1,29,2,1,29,6,2.65785052651,7.05805755648,89,49.8161764706,9.96680073443,21.8235294118,1,1,153,2,1,153,24,2.95616161301,37.5952711357,371,1413.40441176,2.71675879672,1.58823529412,0,0,10,0,0,10,1,2.01669277068,3.31773310276,27,11.0073529412,1,0.0294117647059,2035,1876,12,17,9,17,120,0,SpringCompetitions,/home/se-metrics/root/data-binaries-3D//SpringCompetitions2005/TokyoTechSFC,TokyoTechSFC,True,/home/se-metrics/root/data_binaries-3D-proccessed//2005_SpringCompetitions_TokyoTechSFC,2005_SpringCompetitions_TokyoTechSFC,C++,2005
2012_ChinaOpens_HS3D,,,,,,,,,,,,,,,,,,,,,,,,,,,,,,,,,,,,,,,,,,,,,,,,,,,,,,,,,,,,,,,,,,,,,,,,,,,,,,,,,,,,,,,,,,,,,,,,,,,,,,,,,,,,,,,,,,,,,,,,,,,,,,,,,,,,,,,,,,,,,,,,,,,,,,,,,,,,,,,,,,,,,,,,,,,,,,,,,,,,,,,,,,,,,,,,,,,,,,,,,,,,,,,,,,,,,,,,,,,,,,,,,ChinaOpens,/home/se-metrics/root/data-binaries-3D//ChinaOpens2012/HS3D.tar.gz,HS3D,,/home/se-metrics/root/data_binaries-3D-proccessed//2012_ChinaOpens_HS3D,2012_ChinaOpens_HS3D,,2012
2015_ChinaOpens_HFUTEngine3D,,,,,,,,,,,,,,,,,,,,,,,,,,,,,,,,,,,,,,,,,,,,,,,,,,,,,,,,,,,,,,,,,,,,,,,,,,,,,,,,,,,,,,,,,,,,,,,,,,,,,,,,,,,,,,,,,,,,,,,,,,,,,,,,,,,,,,,,,,,,,,,,,,,,,,,,,,,,,,,,,,,,,,,,,,,,,,,,,,,,,,,,,,,,,,,,,,,,,,,,,,,,,,,,,,,,,,,,,,,,,,,,0,ChinaOpens,/home/se-metrics/root/data-binaries-3D//ChinaOpens2015/HFUTEngine3D.tar.gz,HFUTEngine3D,,/home/se-metrics/root/data_binaries-3D-proccessed//2015_ChinaOpens_HFUTEngine3D,2015_ChinaOpens_HFUTEngine3D,,2015
2010_WorldCup_FCPortugal3D2010_bin,,,,,,,,,,,,,,,,,,,,,,,,,,,,,,,,,,,,,,,,,,,,,,,,,,,,,,,,,,,,,,,,,,,,,,,,,,,,,,,,,,,,,,,,,,,,,,,,,,,,,,,,,,,,,,,,,,,,,,,,,,,,,,,,,,,,,,,,,,,,,,,,,,,,,,,,,,,,,,,,,,,,,,,,,,,,,,,,,,,,,,,,,,,,,,,,,,,,,,,,,,,,,,,,,,,,,,,,,,,,,,,,,WorldCup,/home/se-metrics/root/data-binaries-3D//WorldCup2010/FCPortugal3D2010_bin.tgz,FCPortugal3D2010_bin,,/home/se-metrics/root/data_binaries-3D-proccessed//2010_WorldCup_FCPortugal3D2010_bin,2010_WorldCup_FCPortugal3D2010_bin,,2010
2008_WorldCup_czu3d_rc08,,,,,,,,,,,,,,,,,,,,,,,,,,,,,,,,,,,,,,,,,,,,,,,,,,,,,,,,,,,,,,,,,,,,,,,,,,,,,,,,,,,,,,,,,,,,,,,,,,,,,,,,,,,,,,,,,,,,,,,,,,,,,,,,,,,,,,,,,,,,,,,,,,,,,,,,,,,,,,,,,,,,,,,,,,,,,,,,,,,,,,,,,,,,,,,,,,,,,,,,,,,,,,,,,,,,,,,,,,,,,,,,0,WorldCup,/home/se-metrics/root/data-binaries-3D//WorldCup2008/czu3d_rc08.tar.gz,czu3d_rc08,,/home/se-metrics/root/data_binaries-3D-proccessed//2008_WorldCup_czu3d_rc08,2008_WorldCup_czu3d_rc08,,2008
2011_GermanOpens_l3msim,,,,,,,,,,,,,,,,,,,,,,,,,,,,,,,,,,,,,,,,,,,,,,,,,,,,,,,,,,,,,,,,,,,,,,,,,,,,,,,,,,,,,,,,,,,,,,,,,,,,,,,,,,,,,,,,,,,,,,,,,,,,,,,,,,,,,,,,,,,,,,,,,,,,,,,,,,,,,,,,,,,,,,,,,,,,,,,,,,,,,,,,,,,,,,,,,,,,,,,,,,,,,,,,,,,,,,,,,,,,,,,,,GermanOpens,/home/se-metrics/root/data-binaries-3D//GermanOpens2011/l3msim.tar.gz,l3msim,,/home/se-metrics/root/data_binaries-3D-proccessed//2011_GermanOpens_l3msim,2011_GermanOpens_l3msim,,2011
2012_ChinaOpens_NPU3D,,,,,,0,0,0,0,0,0,0,0,0,0,0,0,0,0,1,1,1,1,1,1,1,1,0,0,2,0,0,11.5,None,11.25,12,11.5,11,12,11.75,0,0.707106781187,23,0.5,0,2,2,2,2,2,2,2,2,0,0,4,0,0,0,0,0,0,0,0,0,0,0,0,0,0,0.33,0,0,0,0,0,0,0,0,0,0,0,0,0,0,1,1,1,1,1,1,1,1,0,0,2,0,0,11.5,None,11.25,12,11.5,11,12,11.75,0,0.707106781187,23,0.5,0,11.5,None,11.25,12,11.5,11,12,11.75,0,0.707106781187,23,0.5,0,3,3,3,3,3,3,3,3,0,0,6,0,0,0,0,0,0,0,0,0,0,0,0,0,0,0,1,1,1,1,1,1,1,1,0,0,2,0,0,3,3,3,3,3,3,3,3,0,0,6,0,0,1,1,1,1,1,1,1,1,0,0,2,0,0,3.5,None,3.25,4,3.5,3,4,3.75,0,0.707106781187,7,0.5,0,0,0,0,0,0,0,0,0,0,0,0,0,0,0,548,23,0,2,2,2,2,0,ChinaOpens,/home/se-metrics/root/data-binaries-3D//ChinaOpens2012/NPU3D.tar.gz,NPU3D,True,/home/se-metrics/root/data_binaries-3D-proccessed//2012_ChinaOpens_NPU3D,2012_ChinaOpens_NPU3D,C++,2012
2005_SpringCompetitions_FCBeukers,,,,,,1.26373626374,0.4,0,0,2,0,0,2,1,1.40738731029,0.632455532034,6,0.4,1.15245568933,1.5665506269,1,1,3.5,1,1,3.5,1.75369458128,1.49682997075,0.84752653995,23.4982594034,0.71830123592,-0.0422849024444,8.32906359286,1,3,25,4,1,25,11.1537356322,1.05200605323,7.81249532217,124.935953893,61.0350831589,-1.20756631188,0.7021893815,1,0.349753694581,1.33333333333,1,0,1.33333333333,1,-0.599637164013,0.45391835727,10.5328407225,0.206041875067,1.26373626374,0.4,0,0,2,0,0,2,1,1.40738731029,0.632455532034,6,0.4,0.11,2.89534329307,0.533333333333,0,0,3,0,0,3,1,1.82086598071,0.915475416434,8,0.838095238095,9.1251754023,4.46666666667,1,1,29,1,1,29,3.5,2.91252857699,7.47248922636,67,55.8380952381,1.13900504707,85,1,3,369,4,1,369,132.5,1.39299437887,116.511188917,1275,13574.8571429,-0.303709327826,27.6,1,3,94,4,1,94,43,1.10063590323,34.3922748801,414,1182.82857143,10.7400798769,3.33333333333,0,0,25,0,0,25,4.5,3.11375953561,6.39940473422,50,40.9523809524,4.34911242604,0.133333333333,0,0,1,0,0,1,0,2.40476313871,0.351865775274,2,0.12380952381,4.44963568653,6.33333333333,1,1,29,1,1,29,10,1.93085537916,7.77970497666,95,60.5238095238,4.73792527075,0.666666666667,0,0,5,0,0,5,0,2.28647150965,1.49602648309,10,2.2380952381,3.55748101141,4.46666666667,1,1,19,1,1,19,6,1.85990845594,5.20805237337,67,27.1238095238,-1.09336175022,12.2666666667,1,1,39,1,1,39,22.5,0.735429226309,14.0278634289,184,196.780952381,12.9209070357,2.8,0,0,29,0,0,29,1.5,3.52366002169,7.46611392512,42,55.7428571429,1,0.0285714285714,1350,1275,12,15,7,15,95,,SpringCompetitions,/home/se-metrics/root/data-binaries-3D//SpringCompetitions2005/FCBeukers,FCBeukers,True,/home/se-metrics/root/data_binaries-3D-proccessed//2005_SpringCompetitions_FCBeukers,2005_SpringCompetitions_FCBeukers,C++,2005
2008_WorldCup_strive3d_rc08,,,,,,,,,,,,,,,,,,,,,,,,,,,,,,,,,,,,,,,,,,,,,,,,,,,,,,,,,,,,,,,,,,,,,,,,,,,,,,,,,,,,,,,,,,,,,,,,,,,,,,,,,,,,,,,,,,,,,,,,,,,,,,,,,,,,,,,,,,,,,,,,,,,,,,,,,,,,,,,,,,,,,,,,,,,,,,,,,,,,,,,,,,,,,,,,,,,,,,,,,,,,,,,,,,,,,,,,,,,,,,,,0,WorldCup,/home/se-metrics/root/data-binaries-3D//WorldCup2008/strive3d_rc08.tar.gz,strive3d_rc08,,/home/se-metrics/root/data_binaries-3D-proccessed//2008_WorldCup_strive3d_rc08,2008_WorldCup_strive3d_rc08,,2008
2005_SpringCompetitions_OPU_hana_3D,,,,,,,,,,,,,,,,,,,,,,,,,,,,,,,,,,,,,,,,,,,,,,,,,,,,,,,,,,,,,,,,,,,,,,,,,,,,,,,,,,,,,,,,,,,,,,,,,,,,,,,,,,,,,,,,,,,,,,,,,,,,,,,,,,,,,,,,,,,,,,,,,,,,,,,,,,,,,,,,,,,,,,,,,,,,,,,,,,,,,,,,,,,,,,,,,,,,,,,,,,,,,,,,,,,,,,,,,,,,,,,,,SpringCompetitions,/home/se-metrics/root/data-binaries-3D//SpringCompetitions2005/OPU_hana_3D,OPU_hana_3D,,/home/se-metrics/root/data_binaries-3D-proccessed//2005_SpringCompetitions_OPU_hana_3D,2005_SpringCompetitions_OPU_hana_3D,,2005
2011_WorldCup_utaustinvilla,,,,,,,,,,,,,,,,,,,,,,,,,,,,,,,,,,,,,,,,,,,,,,,,,,,,,,,,,,,,,,,,,,,,,,,,,,,,,,,,,,,,,,,,,,,,,,,,,,,,,,,,,,,,,,,,,,,,,,,,,,,,,,,,,,,,,,,,,,,,,,,,,,,,,,,,,,,,,,,,,,,,,,,,,,,,,,,,,,,,,,,,,,,,,,,,,,,,,,,,,,,,,,,,,,,,,,,,,,,,,,,,0,WorldCup,/home/se-metrics/root/data-binaries-3D//WorldCup2011/utaustinvilla.tar.gz,utaustinvilla,,/home/se-metrics/root/data_binaries-3D-proccessed//2011_WorldCup_utaustinvilla,2011_WorldCup_utaustinvilla,,2011
2008_WorldCup_opuhana_rc08,,,,,,,,,,,,,,,,,,,,,,,,,,,,,,,,,,,,,,,,,,,,,,,,,,,,,,,,,,,,,,,,,,,,,,,,,,,,,,,,,,,,,,,,,,,,,,,,,,,,,,,,,,,,,,,,,,,,,,,,,,,,,,,,,,,,,,,,,,,,,,,,,,,,,,,,,,,,,,,,,,,,,,,,,,,,,,,,,,,,,,,,,,,,,,,,,,,,,,,,,,,,,,,,,,,,,,,,,,,,,,,,,WorldCup,/home/se-metrics/root/data-binaries-3D//WorldCup2008/opuhana_rc08.tar.gz,opuhana_rc08,,/home/se-metrics/root/data_binaries-3D-proccessed//2008_WorldCup_opuhana_rc08,2008_WorldCup_opuhana_rc08,,2008
2014_WorldCup_fcportugal,,,,,,,,,,,,,,,,,,,,,,,,,,,,,,,,,,,,,,,,,,,,,,,,,,,,,,,,,,,,,,,,,,,,,,,,,,,,,,,,,,,,,,,,,,,,,,,,,,,,,,,,,,,,,,,,,,,,,,,,,,,,,,,,,,,,,,,,,,,,,,,,,,,,,,,,,,,,,,,,,,,,,,,,,,,,,,,,,,,,,,,,,,,,,,,,,,,,,,,,,,,,,,,,,,,,,,,,,,,,,,,,0,WorldCup,/home/se-metrics/root/data-binaries-3D//WorldCup2014/fcportugal.tar.gz,fcportugal,,/home/se-metrics/root/data_binaries-3D-proccessed//2014_WorldCup_fcportugal,2014_WorldCup_fcportugal,,2014
