avg_goal_diff,avg_goals_scored,country,dir,drawn,goals_received,goals_scored,lost,matches,points,score,team,teamname,won,year,competition
2.0,3.0,brazil,/home/itandroids,0,1,3,0,1,3,,,ITAndroids,1,2013,CBR
-2.0,1.0,brazil,/home/uaisoccer2d,0,3,1,1,1,0,,,UAISoccer2D,0,2013,CBR
2.0,2.0,brazil,/home/itandroids,0,0,6,0,3,9,,,ITAndroids,3,2013,CBR
0.333333333333333,2.33333333333333,brazil,/home/warthog2d,1,6,7,1,3,4,,,Warthog,1,2013,CBR
-0.666666666666667,1.33333333333333,brazil,/home/furgbot,2,6,4,1,3,2,,,Furgbot,0,2013,CBR
-1.66666666666667,0.0,brazil,/home/uaisoccer2d,1,5,0,2,3,1,,,UAISoccer2D,0,2013,CBR
14.6666666666667,14.6666666666667,brazil,/home/ibots,0,0,44,0,3,9,,,iBots,3,2013,CBR
6.0,6.66666666666667,brazil,/home/gpr2d,0,2,20,1,3,6,,,GPR2D_2013,2,2013,CBR
6.0,8.0,brazil,/home/robocap,0,6,24,2,3,3,,,robocap,1,2013,CBR
-26.6666666666667,0.0,brazil,/home/expertinos,0,80,0,3,3,0,,,expertinos,0,2013,CBR
14.6666666666667,15.0,brazil,/home/itandroids,0,1,45,0,3,9,,,ITAndroids,3,2013,CBR
9.33333333333333,11.0,brazil,/home/furgbot,0,5,33,1,3,6,,,Furgbot,2,2013,CBR
2.66666666666667,5.0,brazil,/home/gpr2d,0,7,15,2,3,3,,,GPR2D_2013,1,2013,CBR
-26.6666666666667,0.0,brazil,/home/expertinos,0,80,0,3,3,0,,,expertinos,0,2013,CBR
3.0,3.66666666666667,brazil,/home/warthog2d,0,2,11,0,3,9,,,Warthog,3,2013,CBR
1.66666666666667,3.0,brazil,/home/ibots,0,4,9,1,3,6,,,iBots,2,2013,CBR
-1.33333333333333,0.333333333333333,brazil,/home/uaisoccer2d,1,5,1,2,3,1,,,UAISoccer2D,0,2013,CBR
-3.33333333333333,1.0,brazil,/home/robocap,1,13,3,2,3,1,,,robocap,0,2013,CBR
2.0,2.5,brazil,/home/itandroids,0,1,5,0,2,6,,,ITAndroids,2,2013,CBR
-0.5,1.0,brazil,/home/ibots,1,3,2,1,2,1,,,iBots,0,2013,CBR
-1.5,0.5,brazil,/home/gpr2d,1,4,1,1,2,1,,,GPR2D_2013,0,2013,CBR
3.0,4.0,brazil,/home/uaisoccer2d,0,2,8,0,2,6,,,UAISoccer2D,2,2013,CBR
0.5,2.5,brazil,/home/furgbot,0,4,5,1,2,3,,,Furgbot,1,2013,CBR
-3.5,0.0,brazil,/home/warthog2d,0,7,0,2,2,0,,,Warthog,0,2013,CBR
1.33333333333333,2.0,brazil,/home/uaisoccer2d,1,2,6,0,3,7,,,UAISoccer2D,2,2013,CBR
2.66666666666667,4.0,brazil,/home/itandroids,0,4,12,1,3,6,,,ITAndroids,2,2013,CBR
0.0,2.0,brazil,/home/furgbot,1,6,6,1,3,4,,,Furgbot,1,2013,CBR
-4.0,1.0,brazil,/home/ibots,0,15,3,3,3,0,,,iBots,0,2013,CBR
2.0,5.0,brazil,/home/uaisoccer2d,0,3,5,0,1,3,,,UAISoccer2D,1,2013,CBR
-2.0,3.0,brazil,/home/itandroids,0,5,3,1,1,0,,,ITAndroids,0,2013,CBR
2.0,5.0,brazil,/home/uaisoccer2d,0,3,5,0,1,3,,,UAISoccer2D,1,2013,CBR
-2.0,3.0,brazil,/home/itandroids,0,5,3,1,1,0,,,ITAndroids,0,2013,CBR
4.0,5.0,brazil,/home/expertinos,0,1,5,0,1,3,,,Expertinos,1,2013,CBR
-4.0,1.0,brazil,/home/robocap,0,5,1,1,1,0,,,robocap,0,2013,CBR
2.0,2.0,brazil,/home/warthog2d,0,0,2,0,1,3,,,Warthog,1,2013,CBR
-2.0,0.0,brazil,/home/gpr2d,0,2,0,1,1,0,,,GPR2D_2013,0,2013,CBR
1.0,4.0,brazil,/home/warthog2d,0,3,4,0,1,3,,,Warthog,1,2013,CBR
-1.0,3.0,brazil,/home/expertinos,0,4,3,1,1,0,,,Expertinos,0,2013,CBR
1.0,3.0,brazil,/home/furgbot,0,2,3,0,1,3,,,Furgbot,1,2013,CBR
-1.0,2.0,brazil,/home/ibots,0,3,2,1,1,0,,,iBots,0,2013,CBR
2.0,2.0,brazil,/home/furgbot,0,0,2,0,1,3,,,Furgbot,1,2013,CBR
-2.0,0.0,brazil,/home/warthog2d,0,2,0,1,1,0,,,Warthog,0,2013,CBR
3.0,3.0,brazil,/home/itandroids,0,0,3,0,1,3,,,ITAndroids,1,2013,CBR
-3.0,0.0,brazil,/home/furgbot,0,3,0,1,1,0,,,Furgbot,0,2013,CBR
0.0,0.0,brazil,/home/agent2d,1,0,0,0,1,1,,,HELIOS_base,0,2013,CBR
0.0,0.0,brazil,/home/gpr2d,1,0,0,0,1,1,,,GPR2D_2013,0,2013,CBR
0.0,0.0,brazil,/home/agent2d,1,0,0,0,1,1,,,HELIOS_base,0,2013,CBR
0.0,0.0,brazil,/home/uaisoccer2d,1,0,0,0,1,1,,,UAISoccer2D,0,2013,CBR
3.0,5.0,austria,/home/agent2d,0,4,10,0,2,6,,,HELIOS_base,2,2012,DutchOpens
-0.5,0.5,austria,/home/FCPortugal2D,1,2,1,1,2,1,,,FCPortugal,0,2012,DutchOpens
-2.5,1.5,austria,/home/NADCO_2D,1,8,3,1,2,1,,,NADCO-2D,0,2012,DutchOpens
2.0,3.0,iran,/home/IIIofAFZ,0,1,3,0,1,3,,,iiiOfAFZ_MarliK,1,2012,DutchOpens
-2.0,1.0,australia,/home/Gliders2012,0,3,1,1,1,0,,,Gliders2012,0,2012,DutchOpens
0.0,0.0,australia,/home/Gliders2012,1,0,0,0,1,1,,,Gliders2012,0,2012,DutchOpens
0.0,0.0,portugal,/home/FCPortugal2D,1,0,0,0,1,1,,,FCPortugal,0,2012,DutchOpens
5.0,5.0,australia,/home/Gliders2012,0,0,5,0,1,3,,,Gliders2012,1,2012,DutchOpens
-5.0,0.0,portugal,/home/FCPortugal2D,0,5,0,1,1,0,,,FCPortugal,0,2012,DutchOpens
0.0,0.0,iran,/home/Riton,1,0,0,0,1,1,,,Riton,0,2012,DutchOpens
0.0,0.0,iran,/home/IIIofAFZ,1,0,0,0,1,1,,,iiiOfAFZ_MarliK,0,2012,DutchOpens
0.0,0.0,iran,/home/IIIofAFZ,1,0,0,0,1,1,,,iiiOfAFZ_MarliK,0,2012,DutchOpens
0.0,0.0,iran,/home/Riton,1,0,0,0,1,1,,,Riton,0,2012,DutchOpens
1.0,1.0,iran,/home/IIIofAFZ,0,0,1,0,1,3,,,iiiOfAFZ_MarliK,1,2012,DutchOpens
-1.0,0.0,iran,/home/Riton,0,1,0,1,1,0,,,Riton,0,2012,DutchOpens
2.0,2.0,portugal,/home/FCPortugal2D,0,0,2,0,1,3,,,FCPortugal,1,2012,DutchOpens
-2.0,0.0,iran,/home/Riton,0,2,0,1,1,0,,,Riton,0,2012,DutchOpens
3.75,3.75,australia,/home/Gliders2012,0,0,15,0,4,12,,,Gliders2012,4,2012,DutchOpens
1.0,1.25,iran,/home/IIIofAFZ,1,1,5,1,4,7,,,IIIofAFZ_MarliK,2,2012,DutchOpens
-0.25,0.75,iran,/home/Riton,1,4,3,2,4,4,,,Riton,1,2012,DutchOpens
-0.75,0.0,portugal,/home/FCPortugal2D,3,3,0,1,4,3,,,FCPortugal,0,2012,DutchOpens
-3.75,0.0,iran,/home/NADCO_2D,1,15,0,3,4,1,,,NADCO-2D,0,2012,DutchOpens
4.5,4.75,australia,/home/Gliders2012,0,1,19,0,4,12,,,Gliders2012,4,2012,DutchOpens
0.0,1.0,iran,/home/Riton,0,4,4,1,4,9,,,Riton,3,2012,DutchOpens
0.5,1.5,iran,/home/IIIofAFZ,1,4,6,2,4,4,,,iiiOfAFZ_MarliK,1,2012,DutchOpens
-4.0,0.75,iran,/home/NADCO_2D,0,19,3,3,4,3,,,NADCO-2D,1,2012,DutchOpens
-1.0,0.25,portugal,/home/FCPortugal2D,1,5,1,3,4,1,,,FCPortugal,0,2012,DutchOpens
2.75,3.5,australia,/home/Gliders2012,1,3,14,0,4,10,,,Gliders2012,3,2012,DutchOpens
1.5,1.75,austria,/home/IIIofAFZ,1,1,7,0,4,10,,,IIIofAFZ_MarliK,3,2012,DutchOpens
-2.25,0.25,iran,/home/NADCO_2D,1,10,1,2,4,4,,,NADCO-2D,1,2012,DutchOpens
-0.75,0.5,portugal,/home/FCPortugal2D,0,5,2,3,4,3,,,FCPortugal,1,2012,DutchOpens
-1.25,0.5,austria,/home/Riton,1,7,2,3,4,1,,,Riton,0,2012,DutchOpens
3.0,3.0,brazil,/home/itandroids,0,0,3,0,1,3,,,ITAndroids,1,2014,LARC
-3.0,0.0,brazil,/home/sirsoccer,0,3,0,1,1,0,,,sirsoccer,0,2014,LARC
3.0,5.0,iran,/home/nexus2d,0,2,5,0,1,3,,,Nexus2D,1,2014,LARC
-3.0,2.0,brazil,/home/expertinos,0,5,2,1,1,0,,,Expertinos,0,2014,LARC
6.0,6.5,brazil,/home/itandroids,0,3,39,0,6,18,,,ITAndroids,6,2014,LARC
3.5,5.0,brazil,/home/pmec_allejos2d,0,9,30,2,6,12,,,Allejos,4,2014,LARC
2.0,4.0,brazil,/home/sirsoccer,1,12,24,2,6,10,,,sirsoccer,3,2014,LARC
1.33333333333333,2.33333333333333,brazil,/home/ufsj_2d,1,6,14,2,6,10,,,UFSJ2D,3,2014,LARC
2.66666666666667,5.0,brazil,/home/red_dragons,1,14,30,3,6,7,,,RedDragons,2,2014,LARC
-0.666666666666667,0.666666666666667,brazil,/home/fcp_gpr_2014,1,8,4,4,6,4,,,FCP_GPR_2014,1,2014,LARC
-14.8333333333333,0.0,brazil,/home/zombie_gear,0,89,0,6,6,0,,,Zombie,0,2014,LARC
2.0,7.0,brazil,/home/robotbulls,0,10,14,0,2,6,,,RobotBulls2D,2,2014,LARC
0.0,5.0,brazil,/home/warthog_2d,0,10,10,1,2,3,,,WarthogRobotics,1,2014,LARC
-2.0,2.0,brazil,/home/expertinos,0,8,4,2,2,0,,,Expertinos,0,2014,LARC
3.0,3.0,iran,/home/nexus2d,1,0,9,0,3,7,,,Nexus2D,2,2014,LARC
0.0,0.0,brazil,/home/expertinos,1,0,0,0,1,1,,,Expertinos,0,2014,LARC
-3.0,0.0,brazil,/home/robotbulls,0,3,0,1,1,0,,,RobotBulls2D,0,2014,LARC
-6.0,0.0,brazil,/home/warthog_2d,0,6,0,1,1,0,,,WarthogRobotics,0,2014,LARC
4.4,5.0,brazil,/home/expertinos,0,3,25,0,5,15,,,Expertinos,5,2014,LARC
3.2,5.4,brazil,/home/robotbulls,0,11,27,2,5,9,,,RobotBulls2D,3,2014,LARC
3.6,5.4,brazil,/home/sirsoccer,1,9,27,2,5,7,,,sirsoccer,2,2014,LARC
3.4,5.2,brazil,/home/itandroids,1,9,26,2,5,7,,,ITAndroids,2,2014,LARC
3.6,5.8,brazil,/home/red_dragons,0,11,29,3,5,6,,,RedDragons,2,2014,LARC
-18.2,0.2,brazil,/home/zombie_gear,0,92,1,5,5,0,,,Zombie,0,2014,LARC
4.0,4.2,iran,/home/nexus2d,0,1,21,0,5,15,,,Nexus2D,5,2014,LARC
0.2,2.2,brazil,/home/tropeiros,0,10,11,2,5,9,,,Tropeiros,3,2014,LARC
-0.2,1.0,brazil,/home/fcp_gpr_2014,2,6,5,1,5,8,,,FCP_GPR_2014,2,2014,LARC
0.0,0.8,brazil,/home/ufsj_2d,2,4,4,2,5,5,,,UFSJ2D,1,2014,LARC
-1.6,1.0,brazil,/home/warthog_2d,3,13,5,2,5,3,,,WarthogRobotics,0,2014,LARC
-2.4,0.8,brazil,/home/pmec_allejos2d,1,16,4,4,5,1,,,Allejos,0,2014,LARC
2.71428571428571,3.14285714285714,iran,/home/nexus2d,1,3,22,1,7,16,,,Nexus2D,5,2014,LARC
0.285714285714286,1.28571428571429,brazil,/home/itandroids,1,7,9,2,7,13,,,ITAndroids,4,2014,LARC
0.0,1.85714285714286,brazil,/home/sirsoccer,0,13,13,3,7,12,,,sirsoccer,4,2014,LARC
0.428571428571429,1.85714285714286,brazil,/home/expertinos,2,10,13,2,7,11,,,Expertinos,3,2014,LARC
0.142857142857143,1.28571428571429,brazil,/home/fcp_gpr_2014,1,8,9,3,7,10,,,FCP_GPR_2014,3,2014,LARC
-0.571428571428571,1.0,brazil,/home/ufsj_2d,1,11,7,4,7,7,,,UFSJ2D,2,2014,LARC
-1.85714285714286,1.71428571428571,brazil,/home/tropeiros,0,25,12,5,7,6,,,Tropeiros,2,2014,LARC
-1.14285714285714,0.857142857142857,brazil,/home/robotbulls,2,14,6,4,7,5,,,RobotBulls2D,1,2014,LARC
8.66666666666667,9.66666666666667,brazil,/home/warthog_2d,1,3,29,0,3,7,,,WarthogRobotics,2,2014,LARC
5.66666666666667,7.66666666666667,brazil,/home/pmec_allejos2d,2,6,23,0,3,5,,,Allejos,1,2014,LARC
6.0,8.33333333333333,brazil,/home/red_dragons,1,7,25,1,3,4,,,RedDragons,1,2014,LARC
-20.3333333333333,0.333333333333333,brazil,/home/zombie_gear,0,62,1,3,3,0,,,Zombie,0,2014,LARC
6.0,7.0,brazil,/home/ufsj_2d,0,1,7,0,1,3,,,UFSJ2D,1,2014,LARC
2.0,4.0,brazil,/home/pmec_allejos2d,0,2,4,0,1,3,,,Allejos,1,2014,LARC
2.0,4.0,brazil,/home/warthog_2d,0,2,4,0,1,3,,,WarthogRobotics,1,2014,LARC
-2.0,2.0,brazil,/home/robotbulls,0,4,2,1,1,0,,,RobotBulls2D,0,2014,LARC
-2.0,2.0,brazil,/home/red_dragons,0,4,2,1,1,0,,,RedDragons,0,2014,LARC
-6.0,1.0,brazil,/home/tropeiros,0,7,1,1,1,0,,,Tropeiros,0,2014,LARC
17.0,18.0,brazil,/home/red_dragons,0,1,18,0,1,3,,,RedDragons,1,2014,LARC
2.0,5.0,brazil,/home/warthog_2d,0,3,5,0,1,3,,,WarthogRobotics,1,2014,LARC
2.0,3.0,brazil,/home/expertinos,0,1,3,0,1,3,,,Expertinos,1,2014,LARC
2.0,3.0,brazil,/home/robotbulls,0,1,3,0,1,3,,,RobotBulls2D,1,2014,LARC
1.0,1.0,iran,/home/nexus2d,0,0,1,0,1,3,,,Nexus2D,1,2014,LARC
1.0,1.0,brazil,/home/fcp_gpr_2014,0,0,1,0,1,3,,,FCP_GPR_2014,1,2014,LARC
-1.0,0.0,brazil,/home/ufsj_2d,0,1,0,1,1,0,,,UFSJ2D,0,2014,LARC
-1.0,0.0,brazil,/home/itandroids,0,1,0,1,1,0,,,ITAndroids,0,2014,LARC
-2.0,3.0,brazil,/home/pmec_allejos2d,0,5,3,1,1,0,,,Allejos,0,2014,LARC
-2.0,1.0,brazil,/home/sirsoccer,0,3,1,1,1,0,,,sirsoccer,0,2014,LARC
-2.0,1.0,brazil,/home/tropeiros,0,3,1,1,1,0,,,Tropeiros,0,2014,LARC
-17.0,1.0,brazil,/home/zombie_gear,0,18,1,1,1,0,,,Zombie,0,2014,LARC
5.37142857142857,5.57142857142857,china,/home/lsuamoynq,1,7,195,0,35,103,,,AmoyNQ,34,2010,WorldCup
6.02857142857143,6.11428571428571,germany,/home/brainstormers,0,3,214,1,35,102,,,Brainstormers,34,2010,WorldCup
4.42857142857143,4.57142857142857,iran,/home/hellibash,2,5,160,3,35,92,,,ESKILAS,30,2010,WorldCup
4.22857142857143,4.62857142857143,iran,/home/leakindrops,3,14,162,3,35,90,,,LEAKINDROPS,29,2010,WorldCup
6.28571428571429,6.77142857142857,iran,/home/nemesis,3,17,237,4,35,87,,,NemesisRC09,28,2010,WorldCup
5.02857142857143,5.6,iran,/home/united,3,20,196,5,35,84,,,United2010,27,2010,WorldCup
2.71428571428571,3.42857142857143,iran,/home/robosampad,6,25,120,4,35,81,,,RoboSampad,25,2010,WorldCup
3.34285714285714,4.42857142857143,iran,/home/shahedtech,3,38,155,7,35,78,,,ShahedTech,25,2010,WorldCup
2.77142857142857,3.4,iran,/home/paranoid,7,22,119,5,35,76,,,ParaNoid,23,2010,WorldCup
3.14285714285714,3.6,iran,/home/liongriffins,8,16,126,6,35,71,,,Lion-Griffins,21,2010,WorldCup
1.82857142857143,3.05714285714286,china,/home/hfutengine,2,43,107,10,35,71,,,HfutEngine2010,23,2010,WorldCup
2.42857142857143,3.57142857142857,japan,/home/rione,5,40,125,9,35,68,,,Ri-one,21,2010,WorldCup
1.54285714285714,2.37142857142857,portugal,/home/fcportugal2d,6,29,83,11,35,60,,,FCPortugal,18,2010,WorldCup
1.34285714285714,2.8,iran,/home/fcpars,6,51,98,11,35,60,,,FC_PARS_2010,18,2010,WorldCup
1.31428571428571,2.74285714285714,iran,/home/vanda,6,50,96,12,35,57,,,Vanda2D10,17,2010,WorldCup
1.34285714285714,3.14285714285714,china,/home/apollo2d,5,63,110,13,35,56,,,Apollo,17,2010,WorldCup
0.171428571428571,2.17142857142857,japan,/home/fifty-storms,3,70,76,15,35,54,,,Fifty-Storms,17,2010,WorldCup
0.457142857142857,2.31428571428571,japan,/home/ncl,5,65,81,14,35,53,,,NCL10,16,2010,WorldCup
0.314285714285714,1.85714285714286,iran,/home/ozhan,7,54,65,13,35,52,,,ozhan,15,2010,WorldCup
0.0571428571428571,1.54285714285714,iran,/home/helium,7,52,54,13,35,52,,,HELIUM2010,15,2010,WorldCup
-0.942857142857143,1.42857142857143,japan,/home/opuci,6,83,50,18,35,39,,,opuCI_2D,11,2010,WorldCup
-0.314285714285714,1.25714285714286,austria,/home/kickofftug,7,55,44,18,35,37,,,KickOffTUG,10,2010,WorldCup
0.4,2.02857142857143,iran,/home/unique,3,57,71,21,35,36,,,Unique,11,2010,WorldCup
-0.857142857142857,1.14285714285714,iran,/home/unknown09,8,70,40,18,35,35,,,UnKnown09,9,2010,WorldCup
-0.828571428571429,1.05714285714286,iran,/home/robosina,4,66,37,21,35,34,,,RoboSina,10,2010,WorldCup
-1.28571428571429,1.02857142857143,iran,/home/adro,4,81,36,21,35,34,,,ADRO,10,2010,WorldCup
-1.05714285714286,1.08571428571429,iran,/home/iran,8,75,38,20,35,29,,,Iran,7,2010,WorldCup
-3.37142857142857,0.914285714285714,iran,/home/xenex,1,150,32,27,35,22,,,XeneX,7,2010,WorldCup
-2.82857142857143,0.685714285714286,china,/home/aua,3,123,24,26,35,21,,,AUA,6,2010,WorldCup
-4.34285714285714,1.42857142857143,japan,/home/raic09,2,202,50,27,35,20,,,RaiC10,6,2010,WorldCup
-4.34285714285714,0.228571428571429,iran,/home/fabulous,6,160,8,25,35,18,,,FaBuLoUs,4,2010,WorldCup
-3.28571428571429,0.4,brazil,/home/petsoccer,3,129,14,28,35,15,,,PET_Soccer_2D,4,2010,WorldCup
-4.11428571428571,0.4,iran,/home/gpc,2,158,14,29,35,14,,,GPC,4,2010,WorldCup
-7.4,0.114285714285714,iran,/home/persiangulf2d,1,263,4,32,35,7,,,PersianGulf2d,2,2010,WorldCup
-9.57142857142857,0.314285714285714,brazil,/home/mecateam,2,346,11,32,35,5,,,MecaTeam,1,2010,WorldCup
-10.0,0.114285714285714,brazil,/home/bahia2d,2,354,4,33,35,2,,,Bahia2D,0,2010,WorldCup
19.0,19.0,china,/home/wright,0,0,19,0,1,3,,,WrightEagle,1,2011,WorldCup
10.0,10.0,japan,/home/helios,0,0,10,0,1,3,,,HELIOS2011,1,2011,WorldCup
8.0,8.0,iran,/home/eskilas,0,0,8,0,1,3,,,ESKILAS,1,2011,WorldCup
7.0,7.0,romania,/home/oxsy,0,0,7,0,1,3,,,Oxsy,1,2011,WorldCup
5.0,5.0,china,/home/apollo,0,0,5,0,1,3,,,Apollo,1,2011,WorldCup
4.0,4.0,china,/home/hfut,0,0,4,0,1,3,,,HfutEngine2011,1,2011,WorldCup
2.0,2.0,iran,/home/marlik,0,0,2,0,1,3,,,MarliK,1,2011,WorldCup
1.0,1.0,portugal,/home/portugal,0,0,1,0,1,3,,,FCPortugal,1,2011,WorldCup
-1.0,0.0,japan,/home/raic,0,1,0,1,1,0,,,RaiC2011,0,2011,WorldCup
-2.0,0.0,iran,/home/nadco,0,2,0,1,1,0,,,NADCO-2D,0,2011,WorldCup
-4.0,0.0,japan,/home/rione,0,4,0,1,1,0,,,Ri-one,0,2011,WorldCup
-5.0,0.0,unitedkingdom,/home/edin,0,5,0,1,1,0,,,Edinferno.2D,0,2011,WorldCup
-7.0,0.0,china,/home/aua,0,7,0,1,1,0,,,aua2d,0,2011,WorldCup
-8.0,0.0,germany,/home/daina,0,8,0,1,1,0,,,Dainamite,0,2011,WorldCup
-10.0,0.0,egypt,/home/rmas,0,10,0,1,1,0,,,ArtSapience,0,2011,WorldCup
-19.0,0.0,unitedkingdom,/home/photon,0,19,0,1,1,0,,,Photon,0,2011,WorldCup
1,3,china,/home/wright,0,2,3,0,1,3,,,WrightEagle,1,2011,WorldCup
-1,1,japan,/home/helios,0,3,2,1,1,0,,,HELIOS2011,0,2011,WorldCup
4.0,4.0,china,/home/wright,0,0,4,0,1,3,,,WrightEagle,1,2011,WorldCup
2.0,3.0,japan,/home/helios,0,1,3,0,1,3,,,HELIOS2011,1,2011,WorldCup
-2.0,1.0,iran,/home/marlik,0,3,1,1,1,0,,,MarliK,0,2011,WorldCup
-4.0,0.0,romania,/home/oxsy,0,4,0,1,1,0,,,Oxsy,0,2011,WorldCup
5.0,5.0,japan,/home/helios,0,0,5,0,1,3,,,HELIOS2011,1,2011,WorldCup
-5.0,0.0,iran,/home/marlik,0,5,0,1,1,0,,,MarliK,0,2011,WorldCup
12.0,12.0,iran,/home/nadco,0,0,12,0,1,3,,,NADCO-2D,1,2011,WorldCup
3.0,4.0,unitedkingdom,/home/edin,0,1,4,0,1,3,,,Edinferno.2D,1,2011,WorldCup
2.0,2.0,japan,/home/raic,0,0,2,0,1,3,,,RaiC2011,1,2011,WorldCup
1.0,2.0,china,/home/aua,0,1,2,0,1,3,,,aua2d,1,2011,WorldCup
-1.0,1.0,japan,/home/rione,0,2,1,1,1,0,,,Ri-one,0,2011,WorldCup
-2.0,0.0,egypt,/home/rmas,0,2,0,1,1,0,,,ArtSapience,0,2011,WorldCup
-3.0,1.0,unitedkingdom,/home/photon,0,4,1,1,1,0,,,Photon,0,2011,WorldCup
-12.0,0.0,germany,/home/daina,0,12,0,1,1,0,,,Dainamite,0,2011,WorldCup
5.0,5.0,romania,/home/oxsy,0,0,5,0,1,3,,,Oxsy,1,2011,WorldCup
3.0,3.0,iran,/home/marlik,0,0,3,0,1,3,,,MarliK,1,2011,WorldCup
-3.0,0.0,iran,/home/nadco,0,3,0,1,1,0,,,NADCO-2D,0,2011,WorldCup
-5.0,0.0,iran,/home/eskilas,0,5,0,1,1,0,,,ESKILAS,0,2011,WorldCup
1.0,2.0,iran,/home/marlik,0,1,2,0,1,3,,,MarliK,1,2011,WorldCup
-1.0,1.0,romania,/home/oxsy,0,2,1,1,1,0,,,Oxsy,0,2011,WorldCup
2.0,2.0,iran,/home/nadco,0,0,2,0,1,3,,,NADCO-2D,1,2011,WorldCup
2.0,2.0,iran,/home/eskilas,0,0,2,0,1,3,,,ESKILAS,1,2011,WorldCup
-2.0,0.0,portugal,/home/portugal,0,2,0,1,1,0,,,FCPortugal,0,2011,WorldCup
-2.0,0.0,japan,/home/raic,0,2,0,1,1,0,,,RaiC2011,0,2011,WorldCup
9.0,9.0,iran,/home/nadco,0,0,9,0,1,3,,,NADCO-2D,1,2011,WorldCup
4.0,4.0,portugal,/home/portugal,0,0,4,0,1,3,,,FCPortugal,1,2011,WorldCup
2.0,3.0,iran,/home/eskilas,0,1,3,0,1,3,,,ESKILAS,1,2011,WorldCup
2.0,3.0,japan,/home/raic,0,1,3,0,1,3,,,RaiC2011,1,2011,WorldCup
-2.0,1.0,china,/home/aua,0,3,1,1,1,0,,,aua2d,0,2011,WorldCup
-2.0,1.0,china,/home/apollo,0,3,1,1,1,0,,,Apollo,0,2011,WorldCup
-4.0,0.0,unitedkingdom,/home/edin,0,4,0,1,1,0,,,Edinferno.2D,0,2011,WorldCup
-9.0,0.0,china,/home/hfut,0,9,0,1,1,0,,,HfutEngine2011,0,2011,WorldCup
15.0,15.0,china,/home/wright,0,0,15,0,1,3,,,WrightEagle,1,2011,WorldCup
15.0,15.0,romania,/home/oxsy,0,0,15,0,1,3,,,Oxsy,1,2011,WorldCup
2.0,2.0,iran,/home/marlik,0,0,2,0,1,3,,,MarliK,1,2011,WorldCup
2.0,2.0,japan,/home/helios,0,0,2,0,1,3,,,HELIOS2011,1,2011,WorldCup
-2.0,0.0,portugal,/home/portugal,0,2,0,1,1,0,,,FCPortugal,0,2011,WorldCup
-2.0,0.0,iran,/home/eskilas,0,2,0,1,1,0,,,ESKILAS,0,2011,WorldCup
-15.0,0.0,china,/home/apollo,0,15,0,1,1,0,,,Apollo,0,2011,WorldCup
-15.0,0.0,china,/home/hfut,0,15,0,1,1,0,,,HfutEngine2011,0,2011,WorldCup
1.0,2.0,china,/home/wright,0,1,2,0,1,3,,,WrightEagle,1,2011,WorldCup
-1.0,1.0,japan,/home/helios,0,2,1,1,1,0,,,HELIOS2011,0,2011,WorldCup
6.66666666666667,6.66666666666667,japan,/home/helios,0,0,20,0,3,9,,,HELIOS2011,3,2011,WorldCup
-2.0,0.666666666666667,japan,/home/rione,1,8,2,1,3,4,,,Ri-one,1,2011,WorldCup
-1.66666666666667,0.666666666666667,japan,/home/raic,0,7,2,2,3,3,,,RaiC2011,1,2011,WorldCup
-3.0,0.0,china,/home/aua,1,9,0,2,3,1,,,aua2d,0,2011,WorldCup
17.5,17.5,china,/home/wright,0,0,70,0,4,12,,,WrightEagle,4,2011,WorldCup
2.75,5.5,china,/home/apollo,0,11,22,1,4,9,,,Apollo,3,2011,WorldCup
-5.0,0.75,unitedkingdom,/home/edin,1,23,3,2,4,4,,,Edinferno.2D,1,2011,WorldCup
-8.25,0.25,unitedkingdom,/home/photon,1,34,1,2,4,4,,,Photon,1,2011,WorldCup
-7.0,0.0,iran,/home/abouali,0,28,0,4,4,0,,,AbouAliSina,0,2011,WorldCup
10.0,10.3333333333333,romania,/home/oxsy,0,1,31,0,3,9,,,Oxsy,3,2011,WorldCup
3.0,5.0,iran,/home/nadco,0,6,15,1,3,6,,,NADCO-2D,2,2011,WorldCup
-3.33333333333333,1.33333333333333,china,/home/hfut,0,14,4,2,3,3,,,HfutEngine2011,1,2011,WorldCup
-9.66666666666667,0.0,egypt,/home/rmas,0,29,0,3,3,0,,,ArtSapience,0,2011,WorldCup
9.0,9.0,iran,/home/eskilas,1,0,27,0,3,7,,,ESKILAS,2,2011,WorldCup
5.33333333333333,5.33333333333333,iran,/home/marlik,1,0,16,0,3,7,,,MarliK,2,2011,WorldCup
5.33333333333333,7.0,portugal,/home/portugal,0,5,21,2,3,3,,,FCPortugal,1,2011,WorldCup
-19.6666666666667,0.0,germany,/home/daina,0,59,0,3,3,0,,,Dainamite,0,2011,WorldCup
17.0,17.0,japan,/home/helios,0,0,51,0,3,9,,,HELIOS2011,3,2011,WorldCup
3.33333333333333,7.0,china,/home/apollo,0,11,21,1,3,6,,,Apollo,2,2011,WorldCup
-1.66666666666667,5.0,china,/home/hfut,0,20,15,2,3,3,,,HfutEngine2011,1,2011,WorldCup
-18.6666666666667,0.0,germany,/home/daina,0,56,0,3,3,0,,,Dainamite,0,2011,WorldCup
12.6666666666667,12.6666666666667,china,/home/wright,0,0,38,0,3,9,,,WrightEagle,3,2011,WorldCup
-1.33333333333333,0.333333333333333,portugal,/home/portugal,1,5,1,1,3,4,,,FCPortugal,1,2011,WorldCup
-6.0,0.0,iran,/home/nadco,2,18,0,1,3,2,,,NADCO-2D,0,2011,WorldCup
-5.33333333333333,0.0,china,/home/aua,1,16,0,2,3,1,,,aua2d,0,2011,WorldCup
11.0,11.0,romania,/home/oxsy,0,0,44,0,4,12,,,Oxsy,4,2011,WorldCup
6.5,6.75,iran,/home/marlik,0,1,27,1,4,9,,,MarliK,3,2011,WorldCup
4.5,5.75,japan,/home/raic,0,5,23,2,4,6,,,RaiC2011,2,2011,WorldCup
-14.5,0.5,unitedkingdom,/home/photon,0,60,2,3,4,3,,,Photon,1,2011,WorldCup
-7.5,0.25,iran,/home/abouali,0,31,1,4,4,0,,,AbouAliSina,0,2011,WorldCup
10.0,10.0,iran,/home/eskilas,0,0,30,0,3,9,,,ESKILAS,3,2011,WorldCup
0.333333333333333,3.0,japan,/home/rione,0,8,9,1,3,6,,,Ri-one,2,2011,WorldCup
-6.33333333333333,0.666666666666667,unitedkingdom,/home/edin,0,21,2,2,3,3,,,Edinferno.2D,1,2011,WorldCup
-4.0,0.0,egypt,/home/rmas,0,12,0,3,3,0,,,ArtSapience,0,2011,WorldCup
4.0,4.0,japan,/home/rione,0,0,16,0,4,12,,,Ri-one,4,2011,WorldCup
-1.0,0.75,germany,/home/daina,0,7,3,2,4,6,,,Dainamite,2,2011,WorldCup
0.25,0.5,iran,/home/abouali,2,1,2,1,4,5,,,AbouAliSina,1,2011,WorldCup
-1.25,0.5,egypt,/home/rmas,1,7,2,2,4,4,,,ArtSapience,1,2011,WorldCup
-2.0,0.25,unitedkingdom,/home/photon,1,9,1,3,4,1,,,Photon,0,2011,WorldCup
2.0,3.0,iran,/home/eskilas,0,1,3,0,1,3,,,ESKILAS,1,2011,WorldCup
2.0,2.0,portugal,/home/portugal,0,0,2,0,1,3,,,FCPortugal,1,2011,WorldCup
-2.0,1.0,iran,/home/nadco,0,3,1,1,1,0,,,NADCO-2D,0,2011,WorldCup
-2.0,0.0,japan,/home/raic,0,2,0,1,1,0,,,RaiC2011,0,2011,WorldCup
2.33333333333333,3.33333333333333,china,/home/hfut,0,3,10,0,3,9,,,HfutEngine2011,3,2011,WorldCup
1.66666666666667,3.33333333333333,china,/home/apollo,0,5,10,1,3,6,,,Apollo,2,2011,WorldCup
1.33333333333333,3.0,china,/home/aua,0,5,9,2,3,3,,,aua2d,1,2011,WorldCup
-5.33333333333333,0.0,unitedkingdom,/home/edin,0,16,0,3,3,0,,,Edinferno.2D,0,2011,WorldCup
5.0,6.0,romania,/home/oxsy,0,1,6,0,1,3,,,Oxsy,1,2013,WorldCup
4.0,4.0,japan,/home/helios,0,0,4,0,1,3,,,HELIOS2013,1,2013,WorldCup
-4.0,0.0,iran,/home/cyrus,0,4,0,1,1,0,,,Cyrus,0,2013,WorldCup
-5.0,1.0,iran,/home/axiom,0,6,1,1,1,0,,,Axiom,0,2013,WorldCup
7.0,7.0,china,/home/wrighteagle,0,0,7,0,1,3,,,WrightEagle,1,2013,WorldCup
1.0,1.0,australia,/home/gliders,0,0,1,0,1,3,,,Gliders2013,1,2013,WorldCup
-1.0,0.0,china,/home/yushan,0,1,0,1,1,0,,,YuShan2013,0,2013,WorldCup
-7.0,0.0,iran,/home/autmasterminds,0,7,0,1,1,0,,,AUT,0,2013,WorldCup
2.0,2.0,japan,/home/helios,0,0,2,0,1,3,,,HELIOS2013,1,2013,WorldCup
2.0,2.0,china,/home/yushan,0,0,2,0,1,3,,,YuShan2013,1,2013,WorldCup
-2.0,0.0,australia,/home/gliders,0,2,0,1,1,0,,,Gliders2013,0,2013,WorldCup
-2.0,0.0,iran,/home/cyrus,0,2,0,1,1,0,,,Cyrus,0,2013,WorldCup
2.0,5.0,china,/home/wrighteagle,0,3,5,0,1,3,,,WrightEagle,1,2013,WorldCup
1.0,2.0,iran,/home/axiom,0,1,2,0,1,3,,,Axiom,1,2013,WorldCup
-1.0,1.0,iran,/home/autmasterminds,0,2,1,1,1,0,,,AUT,0,2013,WorldCup
-2.0,3.0,romania,/home/oxsy,0,5,3,1,1,0,,,Oxsy,0,2013,WorldCup
3.0,3.0,china,/home/yushan,0,0,3,0,1,3,,,YuShan2013,1,2013,WorldCup
2.0,3.0,china,/home/wrighteagle,0,1,3,0,1,3,,,WrightEagle,1,2013,WorldCup
-2.0,1.0,japan,/home/helios,0,3,1,1,1,0,,,HELIOS2013,0,2013,WorldCup
-3.0,0.0,romania,/home/oxsy,0,3,0,1,1,0,,,Oxsy,0,2013,WorldCup
2.0,3.0,iran,/home/autmasterminds,0,1,3,0,1,3,,,AUT,1,2013,WorldCup
1.0,5.0,iran,/home/axiom,0,4,5,0,1,3,,,Axiom,1,2013,WorldCup
-1.0,4.0,australia,/home/gliders,0,5,4,1,1,0,,,Gliders2013,0,2013,WorldCup
-2.0,1.0,iran,/home/cyrus,0,3,1,1,1,0,,,Cyrus,0,2013,WorldCup
3.0,4.0,china,/home/yushan,0,1,4,0,1,3,,,YuShan2013,1,2013,WorldCup
-3.0,1.0,iran,/home/axiom,0,4,1,1,1,0,,,Axiom,0,2013,WorldCup
4.0,4.0,australia,/home/gliders,0,0,4,0,1,3,,,Gliders2013,1,2013,WorldCup
-4.0,0.0,romania,/home/oxsy,0,4,0,1,1,0,,,Oxsy,0,2013,WorldCup
2.0,2.0,japan,/home/helios,0,0,2,0,1,3,,,HELIOS2013,1,2013,WorldCup
-2.0,0.0,china,/home/yushan,0,2,0,1,1,0,,,YuShan2013,0,2013,WorldCup
2.0,2.0,china,/home/wrighteagle,0,0,2,0,1,3,,,WrightEagle,1,2013,WorldCup
-2.0,0.0,japan,/home/helios,0,2,0,1,1,0,,,HELIOS2013,0,2013,WorldCup
6.75,6.75,japan,/home/helios,0,0,27,0,4,12,,,HELIOS2013,4,2013,WorldCup
4.0,5.75,romania,/home/oxsy,1,7,23,1,4,7,,,Oxsy,2,2013,WorldCup
-3.0,1.0,iran,/home/legendary,0,16,4,2,4,6,,,LegenDary,2,2013,WorldCup
-0.75,1.25,iran,/home/cyrus,1,8,5,2,4,4,,,Cyrus,1,2013,WorldCup
-7.0,0.0,canada,/home/ubcthunderbots,0,28,0,4,4,0,,,Thunderbots,0,2013,WorldCup
8.25,8.5,china,/home/wrighteagle,0,1,34,0,4,12,,,WrightEagle,4,2013,WorldCup
1.75,2.5,iran,/home/fcperspolis,0,3,10,1,4,9,,,FC-Perspolis,3,2013,WorldCup
1.25,3.0,iran,/home/axiom,0,7,12,2,4,6,,,Axiom,2,2013,WorldCup
1.5,4.25,china,/home/csuyunlu,0,11,17,3,4,3,,,CSU_Yunlu2013,1,2013,WorldCup
-12.75,0.0,japan,/home/rione,0,51,0,4,4,0,,,Ri-one,0,2013,WorldCup
1.5,3.0,china,/home/yushan,1,6,12,0,4,10,,,YuShan2013,3,2013,WorldCup
1.25,2.5,australia,/home/gliders,0,5,10,1,4,9,,,Gliders2013,3,2013,WorldCup
0,1.25,brazil,/home/itandroids,1,5,5,2,4,4,,,ITAndroids,1,2013,WorldCup
-1.0,2.25,brazil,/home/warthog,1,13,9,2,4,4,,,WarthogRobotics,1,2013,WorldCup
-1.75,1.75,unitedstates,/home/utaustinvilla,1,14,7,3,4,1,,,UTAustinVilla,0,2013,WorldCup
2.75,3.75,portugal,/home/fcportugal,0,4,15,0,4,12,,,FCPortugal,4,2013,WorldCup
2.5,4.25,iran,/home/autmasterminds,0,7,17,1,4,9,,,AUT,3,2013,WorldCup
1.0,3.0,china,/home/gduttiji,0,8,12,2,4,6,,,GDUT_TiJi2013,2,2013,WorldCup
-2.25,0.75,brazil,/home/gpr2d,0,12,3,3,4,3,,,GPR-2D,1,2013,WorldCup
-4.0,0.75,china,/home/hfutengine,0,19,3,4,4,0,,,HfutEngine2013,0,2013,WorldCup
4.0,4.25,japan,/home/helios,0,1,17,0,4,12,,,HELIOS2013,4,2013,WorldCup
2.5,3.0,iran,/home/fcperspolis,0,2,12,1,4,9,,,FC-Perspolis,3,2013,WorldCup
-0.5,0.75,brazil,/home/gpr2d,1,5,3,2,4,4,,,GPR-2D,1,2013,WorldCup
-0.75,0.75,brazil,/home/itandroids,1,6,3,2,4,4,,,ITAndroids,1,2013,WorldCup
-5.25,0.0,canada,/home/ubcthunderbots,0,21,0,4,4,0,,,Thunderbots,0,2013,WorldCup
5.0,5.75,china,/home/wrighteagle,1,3,23,0,4,10,,,WrightEagle,3,2013,WorldCup
4.5,4.75,australia,/home/gliders,1,1,19,0,4,10,,,Gliders2013,3,2013,WorldCup
1.5,4.25,china,/home/gduttiji,1,11,17,2,4,4,,,GDUT_TiJi2013,1,2013,WorldCup
-0.5,2.0,iran,/home/cyrus,1,10,8,2,4,4,,,Cyrus,1,2013,WorldCup
-10.5,0.25,japan,/home/rione,0,43,1,4,4,0,,,Ri-one,0,2013,WorldCup
2.25,2.5,china,/home/yushan,2,1,10,0,4,8,,,YuShan2013,2,2013,WorldCup
2.0,3.5,iran,/home/autmasterminds,1,6,14,1,4,7,,,AUT,2,2013,WorldCup
-0.25,1.25,iran,/home/legendary,1,6,5,1,4,7,,,LegenDary,2,2013,WorldCup
-3.0,1.0,unitedstates,/home/utaustinvilla,0,16,4,3,4,3,,,UTAustinVilla,1,2013,WorldCup
-1.0,1.25,china,/home/csuyunlu,2,9,5,2,4,2,,,CSU_Yunlu2013,0,2013,WorldCup
4.0,4.75,romania,/home/oxsy,0,3,19,0,4,12,,,Oxsy,4,2013,WorldCup
2.0,4.5,iran,/home/axiom,1,10,18,1,4,7,,,Axiom,2,2013,WorldCup
1.25,4.5,portugal,/home/fcportugal,1,13,18,1,4,7,,,FCPortugal,2,2013,WorldCup
-1.0,1.5,brazil,/home/warthog,0,10,6,3,4,3,,,WarthogRobotics,1,2013,WorldCup
-6.25,0.0,china,/home/hfutengine,0,25,0,4,4,0,,,HfutEngine2013,0,2013,WorldCup
3.85714285714286,4.28571428571429,japan,/home/helios,0,3,30,0,7,21,,,HELIOS2013,7,2013,WorldCup
1.28571428571429,2.57142857142857,romania,/home/oxsy,1,9,18,1,7,16,,,Oxsy,5,2013,WorldCup
1.14285714285714,2.57142857142857,australia,/home/gliders,0,10,18,2,7,15,,,Gliders2013,5,2013,WorldCup
-0.285714285714286,1.85714285714286,iran,/home/autmasterminds,2,15,13,3,7,8,,,AUT,2,2013,WorldCup
-0.428571428571429,1.57142857142857,china,/home/gduttiji,2,14,11,3,7,8,,,GDUT_TiJi2013,2,2013,WorldCup
-0.428571428571429,1.42857142857143,iran,/home/legendary,2,13,10,3,7,8,,,LegenDary,2,2013,WorldCup
-2.0,1.28571428571429,brazil,/home/itandroids,0,23,9,6,7,3,,,ITAndroids,1,2013,WorldCup
-3.14285714285714,1.28571428571429,brazil,/home/warthog,1,31,9,6,7,1,,,WarthogRobotics,0,2013,WorldCup
4.14285714285714,4.28571428571429,china,/home/wrighteagle,1,1,30,0,7,19,,,WrightEagle,6,2013,WorldCup
0.857142857142857,1.85714285714286,china,/home/yushan,1,7,13,2,7,13,,,YuShan2013,4,2013,WorldCup
0.571428571428571,2.0,iran,/home/axiom,1,10,14,2,7,13,,,Axiom,4,2013,WorldCup
-0.571428571428571,1.85714285714286,iran,/home/cyrus,2,17,13,2,7,11,,,Cyrus,3,2013,WorldCup
0.857142857142857,1.28571428571429,iran,/home/fcperspolis,4,3,9,1,7,10,,,FC-Perspolis,2,2013,WorldCup
-1.28571428571429,0.857142857142857,portugal,/home/fcportugal,1,15,6,4,7,7,,,FCPortugal,2,2013,WorldCup
-1.0,0.428571428571429,brazil,/home/gpr2d,2,10,3,5,7,2,,,GPR-2D,0,2013,WorldCup
-3.57142857142857,0.571428571428571,unitedstates,/home/utaustinvilla,2,29,4,5,7,2,,,UTAustinVilla,0,2013,WorldCup
2.0,2.57142857142857,china,/home/gduttiji,3,4,18,0,7,15,,,GDUT_TiJi2013,4,2013,WorldCup
1.28571428571429,1.71428571428571,iran,/home/fcperspolis,3,3,12,0,7,15,,,FC-Perspolis,4,2013,WorldCup
0.428571428571429,1.28571428571429,iran,/home/legendary,1,6,9,2,7,13,,,LegenDary,4,2013,WorldCup
0.428571428571429,1.14285714285714,portugal,/home/fcportugal,5,5,8,0,7,11,,,FCPortugal,2,2013,WorldCup
0.142857142857143,1.14285714285714,brazil,/home/itandroids,4,7,8,1,7,10,,,ITAndroids,2,2013,WorldCup
-0.571428571428571,1.85714285714286,unitedstates,/home/utaustinvilla,1,17,13,4,7,7,,,UTAustinVilla,2,2013,WorldCup
-0.857142857142857,0.857142857142857,brazil,/home/gpr2d,1,12,6,5,7,4,,,GPR-2D,1,2013,WorldCup
-2.85714285714286,0.571428571428571,brazil,/home/warthog,0,24,4,7,7,0,,,WarthogRobotics,0,2013,WorldCup
1.0,3.0,japan,/home/Ri-one,0,2,3,0,1,3,,,Ri-one2014,1,2014,WorldCup
-1.0,2.0,china,/home/HfutEngine,0,3,2,1,1,0,,,HfutEngine,0,2014,WorldCup
1.0,5.0,japan,/home/tokA1,0,4,5,0,1,3,,,tokA1,1,2014,WorldCup
-1.0,4.0,brazil,/home/FCP_GPR_2014,0,5,4,1,1,0,,,FCP_GPR_2014,0,2014,WorldCup
1.0,1.0,india,/home/InfoGraphics,0,0,1,0,1,3,,,Infographics,1,2014,WorldCup
-1.0,0.0,brazil,/home/UFSJ2D,0,1,0,1,1,0,,,UFSJ2D,0,2014,WorldCup
1.0,1.0,iran,/home/CYRUS,0,0,1,0,1,3,,,CYRUS2014,1,2014,WorldCup
-1.0,0.0,china,/home/Yushan2014,0,1,0,1,1,0,,,YuShan2014,0,2014,WorldCup
1.0,2.0,romania,/home/Oxsy,0,1,2,0,1,3,,,Oxsy,1,2014,WorldCup
-1.0,1.0,japan,/home/HELIOS2014,0,2,1,1,1,0,,,HELIOS2014,0,2014,WorldCup
1.0,3.0,china,/home/WrightEagle,0,2,3,0,1,3,,,WrightEagle,1,2014,WorldCup
-1.0,2.0,australia,/home/Gliders2014,0,3,2,1,1,0,,,Gliders2014,0,2014,WorldCup
5.0,5.0,japan,/home/HELIOS2014,0,0,10,0,2,6,,,HELIOS2014,2,2014,WorldCup
-1.5,1.0,iran,/home/AUTParsian,0,5,2,1,2,3,,,AUT-Parsian,1,2014,WorldCup
-3.5,0.0,brazil,/home/FCP_GPR_2014,0,7,0,2,2,0,,,FCP_GPR_2014,0,2014,WorldCup
1.66666666666667,2.0,australia,/home/Gliders2014,1,1,6,0,3,7,,,Gliders2014,2,2014,WorldCup
1.0,1.33333333333333,iran,/home/CYRUS,0,1,4,1,3,6,,,CYRUS2014,2,2014,WorldCup
0.0,0.666666666666667,brazil,/home/UFSJ2D,1,2,2,1,3,4,,,UFSJ2D,1,2014,WorldCup
-2.66666666666667,0.333333333333333,china,/home/HfutEngine,0,9,1,3,3,0,,,HfutEngine,0,2014,WorldCup
1.33333333333333,2.33333333333333,japan,/home/tokA1,1,3,7,0,3,7,,,tokA1,2,2014,WorldCup
-0.333333333333333,2.0,japan,/home/Ri-one,1,7,6,1,3,4,,,Ri-one2014,1,2014,WorldCup
-0.333333333333333,1.66666666666667,china,/home/Yushan2014,0,6,5,2,3,3,,,YuShan2014,1,2014,WorldCup
-0.666666666666667,0.666666666666667,iran,/home/HERMES,2,4,2,1,3,2,,,HERMES,0,2014,WorldCup
3.33333333333333,4.0,romania,/home/Oxsy,1,2,12,0,3,7,,,Oxsy,2,2014,WorldCup
2.66666666666667,3.0,china,/home/WrightEagle,1,1,9,0,3,7,,,WrightEagle,2,2014,WorldCup
1.33333333333333,2.0,india,/home/InfoGraphics,0,2,6,2,3,3,,,Infographics,1,2014,WorldCup
-7.33333333333333,0.333333333333333,iran,/home/Enigma,0,23,1,3,3,0,,,Enigma,0,2014,WorldCup
2.85714285714286,3.0,japan,/home/HELIOS2014,1,1,21,0,7,19,,,HELIOS2014,6,2014,WorldCup
1.71428571428571,2.28571428571429,china,/home/Yushan2014,1,4,16,1,7,16,,,YuShan2014,5,2014,WorldCup
0.857142857142857,1.14285714285714,iran,/home/CYRUS,2,2,8,1,7,14,,,CYRUS2014,4,2014,WorldCup
2.28571428571429,3.0,china,/home/WrightEagle,1,5,21,2,7,13,,,WrightEagle,4,2014,WorldCup
-1.28571428571429,1.71428571428571,japan,/home/tokA1,0,21,12,4,7,9,,,tokA1,3,2014,WorldCup
-0.142857142857143,0.714285714285714,brazil,/home/FCP_GPR_2014,2,6,5,4,7,5,,,FCP_GPR_2014,1,2014,WorldCup
-2.28571428571429,0.571428571428571,china,/home/HfutEngine,1,20,4,5,7,4,,,HfutEngine,1,2014,WorldCup
-4.0,0.285714285714286,iran,/home/Enigma,0,30,2,7,7,0,,,Enigma,0,2014,WorldCup
3.5,3.83333333333333,australia,/home/Gliders2014,0,2,23,0,6,18,,,Gliders2014,6,2014,WorldCup
0.5,1.5,india,/home/InfoGraphics,1,6,9,1,6,13,,,Infographics,4,2014,WorldCup
2.16666666666667,2.83333333333333,romania,/home/Oxsy,2,4,17,1,6,11,,,Oxsy,3,2014,WorldCup
-0.666666666666667,0.5,brazil,/home/UFSJ2D,2,7,3,2,6,8,,,UFSJ2D,2,2014,WorldCup
-1.0,0.666666666666667,iran,/home/HERMES,2,10,4,3,6,5,,,HERMES,1,2014,WorldCup
-1.66666666666667,1.16666666666667,iran,/home/AUTParsian,0,17,7,5,6,3,,,AUT-Parsian,1,2014,WorldCup
-2.83333333333333,0.833333333333333,japan,/home/Ri-one,1,22,5,5,6,1,,,Ri-one2014,0,2014,WorldCup
2.42857142857143,3.0,china,/home/WrightEagle,1,4,21,0,7,19,,,WrightEagle,6,2014,WorldCup
1.71428571428571,2.28571428571429,australia,/home/Gliders2014,1,4,16,1,7,16,,,Gliders2014,5,2014,WorldCup
0.857142857142857,1.57142857142857,japan,/home/HELIOS2014,2,5,11,1,7,14,,,HELIOS2014,4,2014,WorldCup
-0.285714285714286,1.57142857142857,romania,/home/Oxsy,2,13,11,3,7,8,,,Oxsy,2,2014,WorldCup
-1.14285714285714,0.285714285714286,iran,/home/CYRUS,2,10,2,3,7,8,,,CYRUS2014,2,2014,WorldCup
-0.285714285714286,0.714285714285714,china,/home/Yushan2014,1,7,5,4,7,7,,,YuShan2014,2,2014,WorldCup
-0.857142857142857,0.857142857142857,india,/home/InfoGraphics,1,12,6,5,7,4,,,Infographics,1,2014,WorldCup
-2.42857142857143,0.142857142857143,brazil,/home/UFSJ2D,2,18,1,5,7,2,,,UFSJ2D,0,2014,WorldCup
2.83333333333333,4.33333333333333,japan,/home/tokA1,0,9,26,1,6,15,,,tokA1,5,2014,WorldCup
1.33333333333333,1.66666666666667,brazil,/home/FCP_GPR_2014,1,2,10,1,6,13,,,FCP_GPR_2014,4,2014,WorldCup
0.166666666666667,2.0,china,/home/HfutEngine,1,11,12,1,6,13,,,HfutEngine,4,2014,WorldCup
0.333333333333333,2.5,japan,/home/Ri-one,0,13,15,3,6,9,,,Ri-one2014,3,2014,WorldCup
-0.666666666666667,1.33333333333333,iran,/home/AUTParsian,1,12,8,3,6,7,,,AUT-Parsian,2,2014,WorldCup
-1.0,0.5,iran,/home/HERMES,1,9,3,4,6,4,,,HERMES,1,2014,WorldCup
-3.0,0.166666666666667,iran,/home/Enigma,0,19,1,6,6,0,,,Enigma,0,2014,WorldCup
2.5,3.0,iran,/home/AUTParsian,1,1,6,0,2,4,,,AUT-Parsian,1,2014,WorldCup
0.5,0.5,iran,/home/HERMES,1,0,1,0,2,4,,,HERMES,1,2014,WorldCup
-3.0,0.5,iran,/home/Enigma,0,7,1,2,2,0,,,Enigma,0,2014,WorldCup
4.0,4.0,china,/home/ITAndroids,0,0,4,0,1,3,,,ITAndroids,1,2015,WorldCup
2.0,3.0,china,/home/Ri-one,0,1,3,0,1,3,,,Ri-one2015,1,2015,WorldCup
-2.0,1.0,china,/home/Jaeger,0,3,1,1,1,0,,,Jaeger,0,2015,WorldCup
-4.0,0.0,china,/home/MT2015,0,4,0,1,1,0,,,MT2015,0,2015,WorldCup
2.0,3.0,iran,/home/CYRUS2015,0,1,3,0,1,3,,,CYRUS2015,1,2015,WorldCup
1.0,6.0,china,/home/Genius2015,0,5,6,0,1,3,,,Genius2015,1,2015,WorldCup
-1.0,5.0,china,/home/GDUT-TiJi2015,0,6,5,1,1,0,,,GDUT_TiJi2015,0,2015,WorldCup
-2.0,1.0,china,/home/Phonix,0,3,1,1,1,0,,,Phonix,0,2015,WorldCup
3.0,3.0,china,/home/Gliders2015,0,0,3,0,1,3,,,Gliders2015,1,2015,WorldCup
-3.0,0.0,china,/home/Oxsy,0,3,0,1,1,0,,,Oxsy,0,2015,WorldCup
1.0,1.0,china,/home/HERMES,0,0,1,0,1,3,,,HERMES,1,2015,WorldCup
-1.0,0.0,china,/home/YuShan2015,0,1,0,1,1,0,,,YuShan2015,0,2015,WorldCup
3.0,3.0,china,/home/CSU_Yunlu,0,0,3,0,1,3,,,CSU_Yunlu,1,2015,WorldCup
-3.0,0.0,china,/home/HfutEngine2015,0,3,0,1,1,0,,,HfutEngine2015,0,2015,WorldCup
4.0,4.0,china,/home/WrightEagle,0,0,4,0,1,3,,,WrightEagle,1,2015,WorldCup
-4.0,0.0,china,/home/HELIOS2015,0,4,0,1,1,0,,,HELIOS2015,0,2015,WorldCup
2.0,3.0,iran,/home/CYRUS2015,0,1,3,0,1,3,,,CYRUS2015,1,2015,WorldCup
1.0,6.0,china,/home/Genius2015,0,5,6,0,1,3,,,Genius2015,1,2015,WorldCup
-1.0,5.0,china,/home/GDUT-TiJi2015,0,6,5,1,1,0,,,GDUT_TiJi2015,0,2015,WorldCup
-2.0,1.0,china,/home/Phonix,0,3,1,1,1,0,,,Phonix,0,2015,WorldCup
11.5,11.5,china,/home/Oxsy,0,0,46,0,4,12,,,Oxsy,4,2015,WorldCup
3.8,4.8,china,/home/GDUT-TiJi2015,1,5,24,1,5,10,,,GDUT_TiJi2015,3,2015,WorldCup
3.85714285714286,5.57142857142857,Iran,/home/Ziziphus,2,12,39,3,7,8,,,Ziziphus,2,2015,WorldCup
-3.16666666666667,4.16666666666667,china,/home/Ri-one,1,44,25,3,6,7,,,Ri-one2015,2,2015,WorldCup
0.0,0.0,china,/home/Expertinos,3,0,0,0,3,3,,,,0,2015,WorldCup
-14.6,0.0,china,/home/Rhoban,1,73,0,4,5,1,,,Rhoban,0,2015,WorldCup
3.0,3.25,china,/home/HELIOS2015,1,1,13,0,4,10,,,HELIOS2015,3,2015,WorldCup
0.5,1.0,china,/home/Phonix,2,2,4,0,4,8,,,Phonix,2,2015,WorldCup
0.5,2.5,china,/home/CYRUS2015,1,8,10,1,4,7,,,CYRUS2015,2,2015,WorldCup
-1.5,1.75,china,/home/Jaeger,0,13,7,3,4,3,,,Jaeger,1,2015,WorldCup
-2.5,1.0,portugal,/home/FCP_GPR_2015,0,14,4,4,4,0,,,FCP_GPR_2015,0,2015,WorldCup
5.33333333333333,6.33333333333333,china,/home/WrightEagle,0,3,19,0,3,9,,,WrightEagle,3,2015,WorldCup
1.33333333333333,2.33333333333333,china,/home/CSU_Yunlu,1,3,7,1,3,4,,,CSU_Yunlu,1,2015,WorldCup
-1.33333333333333,0.666666666666667,china,/home/HERMES,1,6,2,1,3,4,,,HERMES,1,2015,WorldCup
-5.33333333333333,0.333333333333333,china,/home/Genius2015,0,17,1,3,3,0,,,Genius2015,0,2015,WorldCup
3.75,4.25,china,/home/Gliders2015,0,2,17,0,4,12,,,Gliders2015,4,2015,WorldCup
1.25,2.5,china,/home/YuShan2015,0,5,10,1,4,9,,,YuShan2015,3,2015,WorldCup
-2.5,1.0,china,/home/HfutEngine2015,0,14,4,2,4,6,,,HfutEngine2015,2,2015,WorldCup
-0.75,1.5,china,/home/MT2015,0,9,6,3,4,3,,,MT2015,1,2015,WorldCup
-1.75,0.75,china,/home/ITAndroids,0,10,3,4,4,0,,,ITAndroids,0,2015,WorldCup
6.25,6.5,china,/home/YuShan2015,1,1,26,0,4,10,,,YuShan2015,3,2015,WorldCup
7.5,8.25,china,/home/Oxsy,0,3,33,1,4,9,,,Oxsy,3,2015,WorldCup
5.25,6.25,china,/home/HERMES,1,4,25,1,4,7,,,HERMES,2,2015,WorldCup
0.5,3.75,china,/home/Jaeger,0,13,15,3,4,3,,,Jaeger,1,2015,WorldCup
-19.5,0.0,china,/home/Rhoban,0,78,0,4,4,0,,,Rhoban,0,2015,WorldCup
3.25,3.25,china,/home/HELIOS2015,0,0,13,0,4,12,,,HELIOS2015,4,2015,WorldCup
0.75,2.75,china,/home/GDUT-TiJi2015,1,8,11,1,4,7,,,GDUT_TiJi2015,2,2015,WorldCup
-0.25,2.0,china,/home/HfutEngine2015,2,9,8,1,4,5,,,HfutEngine2015,1,2015,WorldCup
0.75,2.5,china,/home/Genius2015,1,7,10,2,4,4,,,Genius2015,1,2015,WorldCup
-4.5,0.25,portugal,/home/FCP_GPR_2015,0,19,1,4,4,0,,,FCP_GPR_2015,0,2015,WorldCup
8.0,8.0,china,/home/WrightEagle,0,0,24,0,3,9,,,WrightEagle,3,2015,WorldCup
-0.666666666666667,1.66666666666667,china,/home/Phonix,0,7,5,1,3,6,,,Phonix,2,2015,WorldCup
-1.0,0.666666666666667,china,/home/MT2015,0,5,2,2,3,3,,,MT2015,1,2015,WorldCup
-6.33333333333333,1.0,china,/home/Ri-one,0,22,3,3,3,0,,,Ri-one2015,0,2015,WorldCup
3.5,3.75,china,/home/Gliders2015,0,1,15,0,4,12,,,Gliders2015,4,2015,WorldCup
1.0,1.75,china,/home/CSU_Yunlu,2,3,7,1,4,5,,,CSU_Yunlu,1,2015,WorldCup
0.0,1.5,china,/home/CYRUS2015,1,6,6,2,4,4,,,CYRUS2015,1,2015,WorldCup
-0.75,1.0,china,/home/ITAndroids,1,7,4,2,4,4,,,ITAndroids,1,2015,WorldCup
-3.75,0.5,Iran,/home/Ziziphus,0,17,2,3,4,3,,,Ziziphus,1,2015,WorldCup
0.857142857142857,1.28571428571429,china,/home/CSU_Yunlu,3,3,9,0,7,15,,,CSU_Yunlu,4,2015,WorldCup
1.71428571428571,2.42857142857143,china,/home/WrightEagle,1,5,17,2,7,13,,,WrightEagle,4,2015,WorldCup
0.857142857142857,1.42857142857143,china,/home/YuShan2015,2,4,10,2,7,11,,,YuShan2015,3,2015,WorldCup
-0.285714285714286,1.14285714285714,china,/home/GDUT-TiJi2015,1,10,8,3,7,10,,,GDUT_TiJi2015,3,2015,WorldCup
-0.428571428571429,1.0,china,/home/HERMES,1,10,7,3,7,10,,,HERMES,3,2015,WorldCup
-0.571428571428571,1.28571428571429,china,/home/MT2015,0,13,9,4,7,9,,,MT2015,3,2015,WorldCup
-1.14285714285714,1.28571428571429,china,/home/Genius2015,1,17,9,4,7,7,,,Genius2015,2,2015,WorldCup
-1.0,0.571428571428571,china,/home/CYRUS2015,3,11,4,4,7,3,,,CYRUS2015,0,2015,WorldCup
2.57142857142857,2.71428571428571,china,/home/HELIOS2015,1,1,19,0,7,19,,,HELIOS2015,6,2015,WorldCup
1.57142857142857,2.28571428571429,china,/home/Oxsy,1,5,16,1,7,16,,,Oxsy,5,2015,WorldCup
1.85714285714286,2.14285714285714,china,/home/Gliders2015,3,2,15,0,7,15,,,Gliders2015,4,2015,WorldCup
0.0,1.57142857142857,china,/home/HfutEngine2015,1,11,11,3,7,10,,,HfutEngine2015,3,2015,WorldCup
0.0,1.71428571428571,china,/home/ITAndroids,1,12,12,4,7,7,,,ITAndroids,2,2015,WorldCup
0.0,1.14285714285714,china,/home/Phonix,4,8,8,2,7,7,,,Phonix,1,2015,WorldCup
-2.42857142857143,1.0,china,/home/Ri-one,1,24,7,5,7,4,,,Ri-one2015,1,2015,WorldCup
-3.57142857142857,0.571428571428571,china,/home/Jaeger,0,29,4,7,7,0,,,Jaeger,0,2015,WorldCup
1.28571428571429,1.57142857142857,china,/home/HELIOS2015,1,2,11,0,7,19,,,HELIOS2015,6,2015,WorldCup
1.57142857142857,2.28571428571429,china,/home/WrightEagle,0,5,16,1,7,18,,,WrightEagle,6,2015,WorldCup
1.85714285714286,2.14285714285714,china,/home/Gliders2015,1,2,15,1,7,16,,,Gliders2015,5,2015,WorldCup
0.0,1.14285714285714,china,/home/Oxsy,1,8,8,3,7,10,,,Oxsy,3,2015,WorldCup
-0.857142857142857,1.14285714285714,china,/home/YuShan2015,1,14,8,4,7,7,,,YuShan2015,2,2015,WorldCup
-1.14285714285714,0.571428571428571,china,/home/CSU_Yunlu,1,12,4,5,7,4,,,CSU_Yunlu,1,2015,WorldCup
-1.28571428571429,1.14285714285714,china,/home/HERMES,1,17,8,5,7,4,,,HERMES,1,2015,WorldCup
-1.42857142857143,0.285714285714286,china,/home/HfutEngine2015,0,12,2,6,7,3,,,HfutEngine2015,1,2015,WorldCup
0.714285714285714,1.42857142857143,china,/home/Phonix,4,5,10,0,7,13,,,Phonix,3,2015,WorldCup
0.571428571428571,1.28571428571429,iran,/home/CYRUS2015,4,5,9,0,7,13,,,CYRUS2015,3,2015,WorldCup
0.142857142857143,0.857142857142857,china,/home/GDUT-TiJi2015,3,5,6,1,7,12,,,GDUT_TiJi2015,3,2015,WorldCup
0.285714285714286,1.71428571428571,china,/home/Genius2015,2,10,12,2,7,11,,,Genius2015,3,2015,WorldCup
-0.142857142857143,0.714285714285714,china,/home/MT2015,4,6,5,2,7,7,,,MT2015,1,2015,WorldCup
0.142857142857143,1.14285714285714,china,/home/ITAndroids,3,7,8,3,7,6,,,ITAndroids,1,2015,WorldCup
-1.14285714285714,1.14285714285714,china,/home/Jaeger,2,16,8,4,7,5,,,Jaeger,1,2015,WorldCup
-0.571428571428571,1.0,china,/home/Ri-one,4,11,7,3,7,4,,,Ri-one2015,0,2015,WorldCup
4.125,4.75,china,/home/WrightEagle,0,5,38,1,8,21,,,WrightEagle,7,2016,WorldCup
1.0,2.0,japan,/home/HELIOS2016,0,1,2,0,1,3,,,HELIOS2016,1,2016,WorldCup
-1.0,0.0,iran,/home/MarliK,0,1,0,1,1,0,,,MarliK2016,0,2016,WorldCup
-2.0,0.0,china,/home/CSU_Yunlu,0,2,0,1,1,0,,,CSU_Yunlu,0,2016,WorldCup
-3.0,1.0,romania,/home/Oxsy,0,4,1,1,1,0,,,Oxsy,0,2016,WorldCup
-4.0,0.0,iran,/home/CYRUS,0,4,0,1,1,0,,,CYRUS,0,2016,WorldCup
-7.0,0.0,Iran,/home/Ziziphus,0,7,0,1,1,0,,,Ziziphus,0,2016,WorldCup
-8.0,0.0,brazil,/home/ITAndroids,0,8,0,1,1,0,,,ITAndroids,0,2016,WorldCup
-9.0,2.0,iran,/home/FURY,0,11,2,1,1,0,,,FURY,0,2016,WorldCup
3.5,4.125,china,/home/WrightEagle,0,5,33,1,8,21,,,WrightEagle,7,2016,WorldCup
1.0,1.0,australia,/home/Gliders2016,0,0,1,0,1,3,,,Gliders2016,1,2016,WorldCup
-1.0,2.0,iran,/home/Shiraz,0,3,2,1,1,0,,,Shiraz2016,0,2016,WorldCup
-3.0,1.0,germany,/home/FRA-UNIted,0,4,1,1,1,0,,,FRA-UNIted,0,2016,WorldCup
-3.0,0.0,iran,/home/Hermes,0,3,0,1,1,0,,,HERMES,0,2016,WorldCup
-4.0,0.0,china,/home/MT2016,0,4,0,1,1,0,,,MT2016,0,2016,WorldCup
-5.0,0.0,brazil,/home/FCP_GPR_2014,0,5,0,1,1,0,,,FCP_GPR_2016,0,2016,WorldCup
-6.0,1.0,japan,/home/Ri-one,0,7,1,1,1,0,,,Ri-one,0,2016,WorldCup
-7.0,0.0,japan,/home/HillStone,0,7,0,1,1,0,,,HillStone,0,2016,WorldCup
3.0,3.0,japan,/home/Ri-one,0,0,3,0,1,3,,,Ri-one,1,2016,WorldCup
-3.0,0.0,china,/home/CSU_Yunlu,0,3,0,1,1,0,,,CSU_Yunlu,0,2016,WorldCup
1.0,2.0,australia,/home/Gliders2016,0,1,2,0,1,3,,,Gliders2016,1,2016,WorldCup
-1.0,1.0,japan,/home/HELIOS2016,0,2,1,1,1,0,,,HELIOS2016,0,2016,WorldCup
4.0,4.0,romania,/home/Oxsy,0,0,4,0,1,3,,,Oxsy,1,2016,WorldCup
2.0,4.0,china,/home/MT2016,0,2,4,0,1,3,,,MT2016,1,2016,WorldCup
-2.0,2.0,iran,/home/FURY,0,4,2,1,1,0,,,FURY,0,2016,WorldCup
-4.0,0.0,iran,/home/Shiraz,0,4,0,1,1,0,,,Shiraz2016,0,2016,WorldCup
1.0,3.0,brazil,/home/ITAndroids,0,2,3,0,1,3,,,ITAndroids,1,2016,WorldCup
1.0,2.0,Iran,/home/Ziziphus,0,1,2,0,1,3,,,Ziziphus,1,2016,WorldCup
1.0,1.0,germany,/home/FRA-UNIted,0,0,1,0,1,3,,,FRA-UNIted,1,2016,WorldCup
-1.0,2.0,japan,/home/HillStone,0,3,2,1,1,0,,,HillStone,0,2016,WorldCup
-1.0,1.0,brazil,/home/FCP_GPR_2014,0,2,1,1,1,0,,,FCP_GPR_2016,0,2016,WorldCup
-1.0,0.0,iran,/home/CYRUS,0,1,0,1,1,0,,,CYRUS,0,2016,WorldCup
4.0,4.33333333333333,australia,/home/Gliders2016,0,1,13,0,3,9,,,Gliders2016,3,2016,WorldCup
0.0,1.0,iran,/home/CYRUS,0,3,3,1,3,6,,,CYRUS,2,2016,WorldCup
-1.66666666666667,1.0,iran,/home/Shiraz,0,8,3,2,3,3,,,Shiraz2016,1,2016,WorldCup
-2.33333333333333,0.333333333333333,iran,/home/MarliK,0,8,1,3,3,0,,,MarliK2016,0,2016,WorldCup
2.5,3.0,japan,/home/Ri-one,1,2,12,0,4,10,,,Ri-one,3,2016,WorldCup
2.5,3.0,china,/home/MT2016,1,2,12,0,4,10,,,MT2016,3,2016,WorldCup
0.5,2.0,iran,/home/FURY,0,6,8,2,4,6,,,FURY,2,2016,WorldCup
-1.25,2.0,japan,/home/HillStone,0,13,8,3,4,3,,,HillStone,1,2016,WorldCup
-4.25,0.5,egypt,/home/LeftEagle,0,19,2,4,4,0,,,LeftEagle,0,2016,WorldCup
2.0,5.0,china,/home/MT2016,0,3,5,0,1,3,,,MT2016,1,2016,WorldCup
-2.0,3.0,japan,/home/Ri-one,0,5,3,1,1,0,,,Ri-one,0,2016,WorldCup
1.0,1.33333333333333,romania,/home/Oxsy,0,1,4,1,3,6,,,Oxsy,2,2016,WorldCup
0.333333333333333,1.0,china,/home/CSU_Yunlu,0,2,3,1,3,6,,,CSU_Yunlu,2,2016,WorldCup
0.333333333333333,1.33333333333333,iran,/home/Hermes,0,3,4,2,3,3,,,HERMES,1,2016,WorldCup
-1.66666666666667,0.666666666666667,brazil,/home/ITAndroids,0,7,2,2,3,3,,,ITAndroids,1,2016,WorldCup
0.75,1.25,japan,/home/HELIOS2016,1,2,5,1,4,7,,,HELIOS2016,2,2016,WorldCup
0.5,0.5,germany,/home/FRA-UNIted,3,0,2,0,4,6,,,FRA-UNIted,1,2016,WorldCup
0.25,0.5,Iran,/home/Ziziphus,3,1,2,0,4,6,,,Ziziphus,1,2016,WorldCup
-0.75,0.25,brazil,/home/FCP_GPR_2014,1,4,1,2,4,4,,,FCP_GPR_2016,1,2016,WorldCup
-0.75,0.25,china,/home/HfutEngine2016,2,4,1,2,4,2,,,HfutEngine2016,0,2016,WorldCup
2.57142857142857,3.14285714285714,australia,/home/Gliders2016,1,4,22,1,7,16,,,Gliders2016,5,2016,WorldCup
1.0,1.57142857142857,china,/home/CSU_Yunlu,4,4,11,0,7,13,,,CSU_Yunlu,3,2016,WorldCup
-1.14285714285714,1.14285714285714,iran,/home/Shiraz,0,16,8,3,7,12,,,Shiraz2016,4,2016,WorldCup
0.857142857142857,1.71428571428571,iran,/home/Hermes,2,6,12,2,7,11,,,HERMES,3,2016,WorldCup
0.428571428571429,1.42857142857143,japan,/home/Ri-one,2,7,10,2,7,11,,,Ri-one,3,2016,WorldCup
0.571428571428571,1.14285714285714,germany,/home/FRA-UNIted,3,4,8,2,7,9,,,FRA-UNIted,2,2016,WorldCup
-2.14285714285714,0.857142857142857,japan,/home/HillStone,0,21,6,5,7,6,,,HillStone,2,2016,WorldCup
-2.14285714285714,0.714285714285714,brazil,/home/FCP_GPR_2014,0,20,5,7,7,0,,,FCP_GPR_2016,0,2016,WorldCup
2.57142857142857,2.57142857142857,japan,/home/HELIOS2016,0,0,18,0,7,21,,,HELIOS2016,7,2016,WorldCup
1.71428571428571,2.42857142857143,china,/home/MT2016,0,5,17,1,7,18,,,MT2016,6,2016,WorldCup
1.85714285714286,3.14285714285714,romania,/home/Oxsy,1,9,22,2,7,13,,,Oxsy,4,2016,WorldCup
-0.428571428571429,1.57142857142857,iran,/home/FURY,0,14,11,3,7,12,,,FURY,4,2016,WorldCup
-1.0,1.28571428571429,iran,/home/CYRUS,1,16,9,4,7,7,,,CYRUS,2,2016,WorldCup
-1.0,0.428571428571429,iran,/home/MarliK,0,10,3,5,7,6,,,MarliK2016,2,2016,WorldCup
-1.71428571428571,0.428571428571429,Iran,/home/Ziziphus,0,15,3,6,7,3,,,Ziziphus,1,2016,WorldCup
-2.0,0.428571428571429,brazil,/home/ITAndroids,0,17,3,6,7,3,,,ITAndroids,1,2016,WorldCup
2.0,2.14285714285714,japan,/home/HELIOS2016,2,1,15,0,7,17,,,HELIOS2016,5,2016,WorldCup
1.14285714285714,1.71428571428571,australia,/home/Gliders2016,1,4,12,1,7,16,,,Gliders2016,5,2016,WorldCup
0.285714285714286,1.42857142857143,china,/home/CSU_Yunlu,2,8,10,2,7,11,,,CSU_Yunlu,3,2016,WorldCup
-0.857142857142857,1.14285714285714,japan,/home/Ri-one,1,14,8,3,7,10,,,Ri-one,3,2016,WorldCup
0.285714285714286,1.42857142857143,romania,/home/Oxsy,2,8,10,3,7,8,,,Oxsy,2,2016,WorldCup
-1.57142857142857,0.714285714285714,iran,/home/Shiraz,2,16,5,4,7,5,,,Shiraz2016,1,2016,WorldCup
-0.571428571428571,0.0,iran,/home/FURY,4,4,0,3,7,4,,,FURY,0,2016,WorldCup
-0.714285714285714,0.571428571428571,china,/home/MT2016,4,9,4,3,7,4,,,MT2016,0,2016,WorldCup
2.42857142857143,2.85714285714286,iran,/home/Hermes,2,3,20,0,7,17,,,HERMES,5,2016,WorldCup
0.571428571428571,1.28571428571429,iran,/home/MarliK,3,5,9,1,7,12,,,MarliK2016,3,2016,WorldCup
0.285714285714286,0.571428571428571,germany,/home/FRA-UNIted,3,2,4,1,7,12,,,FRA-UNIted,3,2016,WorldCup
0.428571428571429,2.0,iran,/home/CYRUS,2,11,14,2,7,11,,,CYRUS,3,2016,WorldCup
0.285714285714286,1.28571428571429,brazil,/home/ITAndroids,1,7,9,3,7,10,,,ITAndroids,3,2016,WorldCup
-1.42857142857143,1.57142857142857,japan,/home/HillStone,1,21,11,4,7,7,,,HillStone,2,2016,WorldCup
-1.14285714285714,0.857142857142857,brazil,/home/FCP_GPR_2014,1,14,6,5,7,4,,,FCP_GPR_2016,1,2016,WorldCup
-1.42857142857143,0.857142857142857,Iran,/home/Ziziphus,1,16,6,5,7,4,,,Ziziphus,1,2016,WorldCup
2.66666666666667,3.0,australia,/home/Gliders2016,0,1,9,0,3,9,,,Gliders2016,3,2016,WorldCup
0.333333333333333,2.0,japan,/home/HillStone,0,5,6,1,3,6,,,HillStone,2,2016,WorldCup
-0.666666666666667,0.666666666666667,brazil,/home/ITAndroids,0,4,2,2,3,3,,,ITAndroids,1,2016,WorldCup
-2.33333333333333,0.0,germany,/home/FRA-UNIted,0,7,0,3,3,0,,,FRA-UNIted,0,2016,WorldCup
5.0,5.0,china,/home/MT2016,1,0,20,0,4,10,,,MT2016,3,2016,WorldCup
3.25,3.25,romania,/home/Oxsy,1,0,13,0,4,10,,,Oxsy,3,2016,WorldCup
-1.75,0.75,Iran,/home/Ziziphus,1,10,3,2,4,4,,,Ziziphus,1,2016,WorldCup
-2.0,0.5,iran,/home/CYRUS,1,10,2,2,4,4,,,CYRUS,1,2016,WorldCup
-4.5,0.0,egypt,/home/LeftEagle,0,18,0,4,4,0,,,LeftEagle,0,2016,WorldCup
1.33333333333333,1.33333333333333,iran,/home/Hermes,1,0,4,0,3,7,,,HERMES,2,2016,WorldCup
0.333333333333333,0.666666666666667,china,/home/HfutEngine2016,1,1,2,1,3,4,,,HfutEngine2016,1,2016,WorldCup
-0.666666666666667,0.333333333333333,iran,/home/Shiraz,1,3,1,1,3,4,,,Shiraz2016,1,2016,WorldCup
-1.0,0.0,japan,/home/Ri-one,1,3,0,2,3,1,,,Ri-one,0,2016,WorldCup
1.75,1.75,japan,/home/HELIOS2016,1,0,7,0,4,10,,,HELIOS2016,3,2016,WorldCup
0.25,0.5,iran,/home/MarliK,1,1,2,1,4,7,,,MarliK2016,2,2016,WorldCup
0.0,0.75,iran,/home/FURY,1,3,3,2,4,4,,,FURY,1,2016,WorldCup
0.0,0.0,china,/home/CSU_Yunlu,4,0,0,0,4,4,,,CSU_Yunlu,0,2016,WorldCup
-2.0,0.0,brazil,/home/FCP_GPR_2014,1,8,0,3,4,1,,,FCP_GPR_2016,0,2016,WorldCup
3.5,3.5,japan,/home/HELIOS2016,0,0,7,0,2,6,,,HELIOS2016,2,2016,WorldCup
1.0,2.0,australia,/home/Gliders2016,0,2,4,0,2,6,,,Gliders2016,2,2016,WorldCup
-1.0,1.0,china,/home/CSU_Yunlu,0,4,2,2,2,0,,,CSU_Yunlu,0,2016,WorldCup
-3.5,0.0,japan,/home/Ri-one,0,7,0,2,2,0,,,Ri-one,0,2016,WorldCup
