,agent_type,auc,f1_score,feature_importance,fpr,model,model_name,tpr,type_class,feature rank
13,Robot,0.21518987341772153,0.0,"RFE(estimator=XGBClassifier(base_score=0.5, booster='gbtree', colsample_bylevel=1,
       colsample_bytree=1, gamma=0, learning_rate=0.1, max_delta_step=0,
       max_depth=3, min_child_weight=1, missing=nan, n_estimators=100,
       n_jobs=1, nthread=None, objective='binary:logistic', random_state=0,
       reg_alpha=0, reg_lambda=1, scale_pos_weight=1, seed=None,
       silent=True, subsample=1),
  n_features_to_select=4, step=1, verbose=0)","[0.         0.43037975 0.50632911 0.5443038  0.56962025 0.72151899
 0.82278481 0.83544304 0.88607595 0.92405063 0.94936709 1.        ]","XGBClassifier(base_score=0.5, booster='gbtree', colsample_bylevel=1,
       colsample_bytree=1, gamma=0, learning_rate=0.1, max_delta_step=0,
       max_depth=3, min_child_weight=1, missing=nan, n_estimators=100,
       n_jobs=1, nthread=None, objective='binary:logistic', random_state=0,
       reg_alpha=0, reg_lambda=1, scale_pos_weight=1, seed=None,
       silent=True, subsample=1)",Boosted Trees,[0. 1. 1. 1. 1. 1. 1. 1. 1. 1. 1. 1.],Robo-Projects,"['analizo_acc_mean', 'analizo_anpm_mean', 'analizo_dit_mean', 'analizo_rfc_mean', 'analizo_npa_mean', 'analizo_noa_mean', 'analizo_sc_mean', 'analizo_npm_mean', 'analizo_cbo_mean', 'analizo_mmloc_mean', 'analizo_nom_mean', 'analizo_noc_mean', 'analizo_lcom4_mean', 'analizo_amloc_mean', 'analizo_accm_mean']"
7,non-agent,0.44841269841269843,0.0,"RFE(estimator=XGBClassifier(base_score=0.5, booster='gbtree', colsample_bylevel=1,
       colsample_bytree=1, gamma=0, learning_rate=0.1, max_delta_step=0,
       max_depth=3, min_child_weight=1, missing=nan, n_estimators=100,
       n_jobs=1, nthread=None, objective='binary:logistic', random_state=0,
       reg_alpha=0, reg_lambda=1, scale_pos_weight=1, seed=None,
       silent=True, subsample=1),
  n_features_to_select=4, step=1, verbose=0)","[0.         0.01190476 0.07142857 0.08333333 0.44047619 0.44047619
 0.82142857 0.83333333 1.        ]","XGBClassifier(base_score=0.5, booster='gbtree', colsample_bylevel=1,
       colsample_bytree=1, gamma=0, learning_rate=0.1, max_delta_step=0,
       max_depth=3, min_child_weight=1, missing=nan, n_estimators=100,
       n_jobs=1, nthread=None, objective='binary:logistic', random_state=0,
       reg_alpha=0, reg_lambda=1, scale_pos_weight=1, seed=None,
       silent=True, subsample=1)",Boosted Trees,"[0.         0.         0.         0.33333333 0.33333333 0.66666667
 0.66666667 1.         1.        ]",Games,"['analizo_accm_mean', 'analizo_cbo_mean', 'analizo_lcom4_mean', 'analizo_npa_mean', 'analizo_anpm_mean', 'analizo_noc_mean', 'analizo_npm_mean', 'analizo_nom_mean', 'analizo_noa_mean', 'analizo_mmloc_mean', 'analizo_rfc_mean', 'analizo_acc_mean', 'analizo_amloc_mean', 'analizo_dit_mean', 'analizo_sc_mean']"
8,non-agent,0.4747474747474747,0.0,"RFE(estimator=XGBClassifier(base_score=0.5, booster='gbtree', colsample_bylevel=1,
       colsample_bytree=1, gamma=0, learning_rate=0.1, max_delta_step=0,
       max_depth=3, min_child_weight=1, missing=nan, n_estimators=100,
       n_jobs=1, nthread=None, objective='binary:logistic', random_state=0,
       reg_alpha=0, reg_lambda=1, scale_pos_weight=1, seed=None,
       silent=True, subsample=1),
  n_features_to_select=4, step=1, verbose=0)","[0.         0.01234568 0.07407407 0.07407407 0.16049383 0.16049383
 0.22222222 0.22222222 0.41975309 0.41975309 0.48148148 0.49382716
 0.5308642  0.5308642  0.55555556 0.55555556 0.60493827 0.60493827
 0.66666667 0.66666667 0.71604938 0.71604938 0.77777778 0.79012346
 1.        ]","XGBClassifier(base_score=0.5, booster='gbtree', colsample_bylevel=1,
       colsample_bytree=1, gamma=0, learning_rate=0.1, max_delta_step=0,
       max_depth=3, min_child_weight=1, missing=nan, n_estimators=100,
       n_jobs=1, nthread=None, objective='binary:logistic', random_state=0,
       reg_alpha=0, reg_lambda=1, scale_pos_weight=1, seed=None,
       silent=True, subsample=1)",Boosted Trees,"[0.         0.         0.         0.09090909 0.09090909 0.18181818
 0.18181818 0.27272727 0.27272727 0.36363636 0.36363636 0.45454545
 0.45454545 0.54545455 0.54545455 0.63636364 0.63636364 0.72727273
 0.72727273 0.81818182 0.81818182 0.90909091 0.90909091 1.
 1.        ]",Graphics,"['analizo_anpm_mean', 'analizo_cbo_mean', 'analizo_npa_mean', 'analizo_npm_mean', 'analizo_lcom4_mean', 'analizo_amloc_mean', 'analizo_noa_mean', 'analizo_dit_mean', 'analizo_acc_mean', 'analizo_noc_mean', 'analizo_accm_mean', 'analizo_sc_mean', 'analizo_nom_mean', 'analizo_mmloc_mean', 'analizo_rfc_mean']"
6,non-agent,0.5116598079561042,0.0,"RFE(estimator=XGBClassifier(base_score=0.5, booster='gbtree', colsample_bylevel=1,
       colsample_bytree=1, gamma=0, learning_rate=0.1, max_delta_step=0,
       max_depth=3, min_child_weight=1, missing=nan, n_estimators=100,
       n_jobs=1, nthread=None, objective='binary:logistic', random_state=0,
       reg_alpha=0, reg_lambda=1, scale_pos_weight=1, seed=None,
       silent=True, subsample=1),
  n_features_to_select=4, step=1, verbose=0)","[0.         0.01234568 0.11111111 0.11111111 0.16049383 0.16049383
 0.43209877 0.44444444 0.49382716 0.49382716 0.54320988 0.54320988
 0.59259259 0.59259259 0.7037037  0.7037037  0.71604938 0.71604938
 0.83950617 0.85185185 1.        ]","XGBClassifier(base_score=0.5, booster='gbtree', colsample_bylevel=1,
       colsample_bytree=1, gamma=0, learning_rate=0.1, max_delta_step=0,
       max_depth=3, min_child_weight=1, missing=nan, n_estimators=100,
       n_jobs=1, nthread=None, objective='binary:logistic', random_state=0,
       reg_alpha=0, reg_lambda=1, scale_pos_weight=1, seed=None,
       silent=True, subsample=1)",Boosted Trees,"[0.         0.         0.         0.11111111 0.11111111 0.22222222
 0.22222222 0.33333333 0.33333333 0.44444444 0.44444444 0.55555556
 0.55555556 0.66666667 0.66666667 0.77777778 0.77777778 0.88888889
 0.88888889 1.         1.        ]",Education,"['analizo_acc_mean', 'analizo_mmloc_mean', 'analizo_npm_mean', 'analizo_sc_mean', 'analizo_cbo_mean', 'analizo_noa_mean', 'analizo_anpm_mean', 'analizo_lcom4_mean', 'analizo_amloc_mean', 'analizo_noc_mean', 'analizo_dit_mean', 'analizo_npa_mean', 'analizo_accm_mean', 'analizo_rfc_mean', 'analizo_nom_mean']"
3,non-agent,0.5120614035087718,0.0,"RFE(estimator=XGBClassifier(base_score=0.5, booster='gbtree', colsample_bylevel=1,
       colsample_bytree=1, gamma=0, learning_rate=0.1, max_delta_step=0,
       max_depth=3, min_child_weight=1, missing=nan, n_estimators=100,
       n_jobs=1, nthread=None, objective='binary:logistic', random_state=0,
       reg_alpha=0, reg_lambda=1, scale_pos_weight=1, seed=None,
       silent=True, subsample=1),
  n_features_to_select=4, step=1, verbose=0)","[0.         0.01315789 0.07894737 0.07894737 0.21052632 0.21052632
 0.26315789 0.26315789 0.36842105 0.36842105 0.60526316 0.60526316
 0.63157895 0.63157895 0.64473684 0.64473684 0.68421053 0.68421053
 0.71052632 0.71052632 1.        ]","XGBClassifier(base_score=0.5, booster='gbtree', colsample_bylevel=1,
       colsample_bytree=1, gamma=0, learning_rate=0.1, max_delta_step=0,
       max_depth=3, min_child_weight=1, missing=nan, n_estimators=100,
       n_jobs=1, nthread=None, objective='binary:logistic', random_state=0,
       reg_alpha=0, reg_lambda=1, scale_pos_weight=1, seed=None,
       silent=True, subsample=1)",Boosted Trees,"[0.         0.         0.         0.08333333 0.08333333 0.16666667
 0.16666667 0.25       0.25       0.33333333 0.33333333 0.5
 0.5        0.66666667 0.66666667 0.75       0.75       0.83333333
 0.83333333 1.         1.        ]",Mobile,"['analizo_cbo_mean', 'analizo_npm_mean', 'analizo_rfc_mean', 'analizo_sc_mean', 'analizo_dit_mean', 'analizo_anpm_mean', 'analizo_mmloc_mean', 'analizo_acc_mean', 'analizo_noc_mean', 'analizo_lcom4_mean', 'analizo_noa_mean', 'analizo_npa_mean', 'analizo_accm_mean', 'analizo_amloc_mean', 'analizo_nom_mean']"
2,non-agent,0.542042042042042,0.0,"RFE(estimator=XGBClassifier(base_score=0.5, booster='gbtree', colsample_bylevel=1,
       colsample_bytree=1, gamma=0, learning_rate=0.1, max_delta_step=0,
       max_depth=3, min_child_weight=1, missing=nan, n_estimators=100,
       n_jobs=1, nthread=None, objective='binary:logistic', random_state=0,
       reg_alpha=0, reg_lambda=1, scale_pos_weight=1, seed=None,
       silent=True, subsample=1),
  n_features_to_select=4, step=1, verbose=0)","[0.         0.01351351 0.14864865 0.14864865 0.28378378 0.28378378
 0.36486486 0.36486486 0.44594595 0.44594595 0.47297297 0.47297297
 0.48648649 0.48648649 0.51351351 0.51351351 0.54054054 0.54054054
 0.62162162 0.62162162 0.64864865 0.64864865 0.66216216 0.68918919
 0.68918919 0.7027027  0.71621622 0.71621622 0.7972973  0.82432432
 1.        ]","XGBClassifier(base_score=0.5, booster='gbtree', colsample_bylevel=1,
       colsample_bytree=1, gamma=0, learning_rate=0.1, max_delta_step=0,
       max_depth=3, min_child_weight=1, missing=nan, n_estimators=100,
       n_jobs=1, nthread=None, objective='binary:logistic', random_state=0,
       reg_alpha=0, reg_lambda=1, scale_pos_weight=1, seed=None,
       silent=True, subsample=1)",Boosted Trees,"[0.         0.         0.         0.05555556 0.05555556 0.11111111
 0.11111111 0.16666667 0.16666667 0.22222222 0.22222222 0.27777778
 0.27777778 0.33333333 0.33333333 0.44444444 0.44444444 0.5
 0.5        0.61111111 0.61111111 0.72222222 0.77777778 0.77777778
 0.88888889 0.94444444 0.94444444 1.         1.         1.
 1.        ]",Security,"['analizo_lcom4_mean', 'analizo_noa_mean', 'analizo_npa_mean', 'analizo_rfc_mean', 'analizo_acc_mean', 'analizo_noc_mean', 'analizo_mmloc_mean', 'analizo_anpm_mean', 'analizo_nom_mean', 'analizo_dit_mean', 'analizo_amloc_mean', 'analizo_accm_mean', 'analizo_npm_mean', 'analizo_cbo_mean', 'analizo_sc_mean']"
10,non-agent,0.5589430894308943,0.0,"RFE(estimator=XGBClassifier(base_score=0.5, booster='gbtree', colsample_bylevel=1,
       colsample_bytree=1, gamma=0, learning_rate=0.1, max_delta_step=0,
       max_depth=3, min_child_weight=1, missing=nan, n_estimators=100,
       n_jobs=1, nthread=None, objective='binary:logistic', random_state=0,
       reg_alpha=0, reg_lambda=1, scale_pos_weight=1, seed=None,
       silent=True, subsample=1),
  n_features_to_select=4, step=1, verbose=0)","[0.         0.01219512 0.03658537 0.03658537 0.09756098 0.09756098
 0.54878049 0.54878049 0.56097561 0.56097561 0.76829268 0.7804878
 0.80487805 0.82926829 0.82926829 1.        ]","XGBClassifier(base_score=0.5, booster='gbtree', colsample_bylevel=1,
       colsample_bytree=1, gamma=0, learning_rate=0.1, max_delta_step=0,
       max_depth=3, min_child_weight=1, missing=nan, n_estimators=100,
       n_jobs=1, nthread=None, objective='binary:logistic', random_state=0,
       reg_alpha=0, reg_lambda=1, scale_pos_weight=1, seed=None,
       silent=True, subsample=1)",Boosted Trees,"[0.         0.         0.         0.11111111 0.11111111 0.22222222
 0.22222222 0.44444444 0.44444444 0.55555556 0.55555556 0.66666667
 0.66666667 0.88888889 1.         1.        ]",Audio,"['analizo_anpm_mean', 'analizo_mmloc_mean', 'analizo_nom_mean', 'analizo_npa_mean', 'analizo_cbo_mean', 'analizo_noa_mean', 'analizo_npm_mean', 'analizo_accm_mean', 'analizo_lcom4_mean', 'analizo_acc_mean', 'analizo_noc_mean', 'analizo_dit_mean', 'analizo_sc_mean', 'analizo_amloc_mean', 'analizo_rfc_mean']"
9,non-agent,0.6054852320675105,0.0,"RFE(estimator=XGBClassifier(base_score=0.5, booster='gbtree', colsample_bylevel=1,
       colsample_bytree=1, gamma=0, learning_rate=0.1, max_delta_step=0,
       max_depth=3, min_child_weight=1, missing=nan, n_estimators=100,
       n_jobs=1, nthread=None, objective='binary:logistic', random_state=0,
       reg_alpha=0, reg_lambda=1, scale_pos_weight=1, seed=None,
       silent=True, subsample=1),
  n_features_to_select=4, step=1, verbose=0)","[0.         0.01265823 0.24050633 0.25316456 0.40506329 0.40506329
 0.58227848 0.58227848 0.62025316 0.62025316 0.84810127 0.84810127
 0.92405063 0.93670886 1.        ]","XGBClassifier(base_score=0.5, booster='gbtree', colsample_bylevel=1,
       colsample_bytree=1, gamma=0, learning_rate=0.1, max_delta_step=0,
       max_depth=3, min_child_weight=1, missing=nan, n_estimators=100,
       n_jobs=1, nthread=None, objective='binary:logistic', random_state=0,
       reg_alpha=0, reg_lambda=1, scale_pos_weight=1, seed=None,
       silent=True, subsample=1)",Boosted Trees,"[0.         0.         0.         0.16666667 0.16666667 0.33333333
 0.33333333 0.5        0.5        0.66666667 0.66666667 0.83333333
 0.83333333 1.         1.        ]",Robot-Simulation,"['analizo_acc_mean', 'analizo_amloc_mean', 'analizo_noc_mean', 'analizo_npm_mean', 'analizo_anpm_mean', 'analizo_noa_mean', 'analizo_accm_mean', 'analizo_lcom4_mean', 'analizo_dit_mean', 'analizo_nom_mean', 'analizo_mmloc_mean', 'analizo_npa_mean', 'analizo_sc_mean', 'analizo_rfc_mean', 'analizo_cbo_mean']"
5,non-agent,0.6077235772357724,0.0,"RFE(estimator=XGBClassifier(base_score=0.5, booster='gbtree', colsample_bylevel=1,
       colsample_bytree=1, gamma=0, learning_rate=0.1, max_delta_step=0,
       max_depth=3, min_child_weight=1, missing=nan, n_estimators=100,
       n_jobs=1, nthread=None, objective='binary:logistic', random_state=0,
       reg_alpha=0, reg_lambda=1, scale_pos_weight=1, seed=None,
       silent=True, subsample=1),
  n_features_to_select=4, step=1, verbose=0)","[0.         0.01219512 0.35365854 0.35365854 0.63414634 0.63414634
 0.82926829 0.84146341 1.        ]","XGBClassifier(base_score=0.5, booster='gbtree', colsample_bylevel=1,
       colsample_bytree=1, gamma=0, learning_rate=0.1, max_delta_step=0,
       max_depth=3, min_child_weight=1, missing=nan, n_estimators=100,
       n_jobs=1, nthread=None, objective='binary:logistic', random_state=0,
       reg_alpha=0, reg_lambda=1, scale_pos_weight=1, seed=None,
       silent=True, subsample=1)",Boosted Trees,"[0.         0.         0.         0.33333333 0.33333333 0.66666667
 0.66666667 1.         1.        ]",Finance,"['analizo_accm_mean', 'analizo_anpm_mean', 'analizo_noa_mean', 'analizo_npa_mean', 'analizo_amloc_mean', 'analizo_npm_mean', 'analizo_rfc_mean', 'analizo_dit_mean', 'analizo_mmloc_mean', 'analizo_lcom4_mean', 'analizo_sc_mean', 'analizo_acc_mean', 'analizo_noc_mean', 'analizo_cbo_mean', 'analizo_nom_mean']"
4,non-agent,0.6205882352941177,0.0,"RFE(estimator=XGBClassifier(base_score=0.5, booster='gbtree', colsample_bylevel=1,
       colsample_bytree=1, gamma=0, learning_rate=0.1, max_delta_step=0,
       max_depth=3, min_child_weight=1, missing=nan, n_estimators=100,
       n_jobs=1, nthread=None, objective='binary:logistic', random_state=0,
       reg_alpha=0, reg_lambda=1, scale_pos_weight=1, seed=None,
       silent=True, subsample=1),
  n_features_to_select=4, step=1, verbose=0)","[0.         0.01176471 0.29411765 0.31764706 0.44705882 0.44705882
 0.47058824 0.47058824 0.6        0.6        0.65882353 0.67058824
 0.72941176 0.72941176 0.81176471 0.81176471 1.        ]","XGBClassifier(base_score=0.5, booster='gbtree', colsample_bylevel=1,
       colsample_bytree=1, gamma=0, learning_rate=0.1, max_delta_step=0,
       max_depth=3, min_child_weight=1, missing=nan, n_estimators=100,
       n_jobs=1, nthread=None, objective='binary:logistic', random_state=0,
       reg_alpha=0, reg_lambda=1, scale_pos_weight=1, seed=None,
       silent=True, subsample=1)",Boosted Trees,"[0.         0.         0.         0.         0.         0.16666667
 0.16666667 0.33333333 0.33333333 0.5        0.5        0.66666667
 0.66666667 0.83333333 0.83333333 1.         1.        ]",Ide,"['analizo_cbo_mean', 'analizo_dit_mean', 'analizo_nom_mean', 'analizo_npa_mean', 'analizo_mmloc_mean', 'analizo_anpm_mean', 'analizo_rfc_mean', 'analizo_accm_mean', 'analizo_noa_mean', 'analizo_acc_mean', 'analizo_amloc_mean', 'analizo_lcom4_mean', 'analizo_npm_mean', 'analizo_sc_mean', 'analizo_noc_mean']"
11,agent,0.7740384615384616,0.3333333333333333,"RFE(estimator=XGBClassifier(base_score=0.5, booster='gbtree', colsample_bylevel=1,
       colsample_bytree=1, gamma=0, learning_rate=0.1, max_delta_step=0,
       max_depth=3, min_child_weight=1, missing=nan, n_estimators=100,
       n_jobs=1, nthread=None, objective='binary:logistic', random_state=0,
       reg_alpha=0, reg_lambda=1, scale_pos_weight=1, seed=None,
       silent=True, subsample=1),
  n_features_to_select=4, step=1, verbose=0)","[0.         0.01282051 0.16666667 0.19230769 0.42307692 0.42307692
 0.57692308 0.57692308 0.67948718 0.67948718 0.78205128 0.78205128
 0.83333333 0.83333333 0.93589744 0.93589744 0.97435897 0.97435897
 0.98717949 0.98717949 1.        ]","XGBClassifier(base_score=0.5, booster='gbtree', colsample_bylevel=1,
       colsample_bytree=1, gamma=0, learning_rate=0.1, max_delta_step=0,
       max_depth=3, min_child_weight=1, missing=nan, n_estimators=100,
       n_jobs=1, nthread=None, objective='binary:logistic', random_state=0,
       reg_alpha=0, reg_lambda=1, scale_pos_weight=1, seed=None,
       silent=True, subsample=1)",Boosted Trees,"[0.    0.    0.    0.    0.    0.125 0.125 0.25  0.25  0.375 0.375 0.5
 0.5   0.625 0.625 0.75  0.75  0.875 0.875 1.    1.   ]",Chess,"['analizo_accm_mean', 'analizo_noc_mean', 'analizo_nom_mean', 'analizo_rfc_mean', 'analizo_npa_mean', 'analizo_cbo_mean', 'analizo_lcom4_mean', 'analizo_npm_mean', 'analizo_amloc_mean', 'analizo_dit_mean', 'analizo_acc_mean', 'analizo_anpm_mean', 'analizo_noa_mean', 'analizo_sc_mean', 'analizo_mmloc_mean']"
0,agent,0.9212860310421286,0.6956521739130435,"RFE(estimator=XGBClassifier(base_score=0.5, booster='gbtree', colsample_bylevel=1,
       colsample_bytree=1, gamma=0, learning_rate=0.1, max_delta_step=0,
       max_depth=3, min_child_weight=1, missing=nan, n_estimators=100,
       n_jobs=1, nthread=None, objective='binary:logistic', random_state=0,
       reg_alpha=0, reg_lambda=1, scale_pos_weight=1, seed=None,
       silent=True, subsample=1),
  n_features_to_select=4, step=1, verbose=0)","[0.         0.01219512 0.08536585 0.1097561  0.6097561  0.6097561
 0.74390244 0.74390244 0.90243902 0.90243902 0.96341463 0.96341463
 0.96341463 0.98780488 0.98780488 1.         1.        ]","XGBClassifier(base_score=0.5, booster='gbtree', colsample_bylevel=1,
       colsample_bytree=1, gamma=0, learning_rate=0.1, max_delta_step=0,
       max_depth=3, min_child_weight=1, missing=nan, n_estimators=100,
       n_jobs=1, nthread=None, objective='binary:logistic', random_state=0,
       reg_alpha=0, reg_lambda=1, scale_pos_weight=1, seed=None,
       silent=True, subsample=1)",Boosted Trees,"[0.         0.         0.         0.         0.         0.09090909
 0.09090909 0.18181818 0.18181818 0.27272727 0.27272727 0.45454545
 0.54545455 0.54545455 0.63636364 0.63636364 1.        ]",Robocup-2D,"['analizo_accm_mean', 'analizo_mmloc_mean', 'analizo_noa_mean', 'analizo_rfc_mean', 'analizo_nom_mean', 'analizo_noc_mean', 'analizo_acc_mean', 'analizo_dit_mean', 'analizo_cbo_mean', 'analizo_amloc_mean', 'analizo_npm_mean', 'analizo_sc_mean', 'analizo_lcom4_mean', 'analizo_npa_mean', 'analizo_anpm_mean']"
1,Robot,0.9369202226345084,0.4444444444444445,"RFE(estimator=XGBClassifier(base_score=0.5, booster='gbtree', colsample_bylevel=1,
       colsample_bytree=1, gamma=0, learning_rate=0.1, max_delta_step=0,
       max_depth=3, min_child_weight=1, missing=nan, n_estimators=100,
       n_jobs=1, nthread=None, objective='binary:logistic', random_state=0,
       reg_alpha=0, reg_lambda=1, scale_pos_weight=1, seed=None,
       silent=True, subsample=1),
  n_features_to_select=4, step=1, verbose=0)","[0.         0.01298701 0.75324675 0.75324675 0.88311688 0.88311688
 0.94805195 0.94805195 0.98701299 0.98701299 1.         1.        ]","XGBClassifier(base_score=0.5, booster='gbtree', colsample_bylevel=1,
       colsample_bytree=1, gamma=0, learning_rate=0.1, max_delta_step=0,
       max_depth=3, min_child_weight=1, missing=nan, n_estimators=100,
       n_jobs=1, nthread=None, objective='binary:logistic', random_state=0,
       reg_alpha=0, reg_lambda=1, scale_pos_weight=1, seed=None,
       silent=True, subsample=1)",Boosted Trees,"[0.         0.         0.         0.14285714 0.14285714 0.28571429
 0.28571429 0.42857143 0.42857143 0.71428571 0.71428571 1.        ]",Robcup-Other-Leagues,"['analizo_amloc_mean', 'analizo_anpm_mean', 'analizo_cbo_mean', 'analizo_nom_mean', 'analizo_npa_mean', 'analizo_mmloc_mean', 'analizo_npm_mean', 'analizo_noc_mean', 'analizo_lcom4_mean', 'analizo_noa_mean', 'analizo_sc_mean', 'analizo_dit_mean', 'analizo_accm_mean', 'analizo_acc_mean', 'analizo_rfc_mean']"
12,agent,0.9924999999999999,0.7272727272727272,"RFE(estimator=XGBClassifier(base_score=0.5, booster='gbtree', colsample_bylevel=1,
       colsample_bytree=1, gamma=0, learning_rate=0.1, max_delta_step=0,
       max_depth=3, min_child_weight=1, missing=nan, n_estimators=100,
       n_jobs=1, nthread=None, objective='binary:logistic', random_state=0,
       reg_alpha=0, reg_lambda=1, scale_pos_weight=1, seed=None,
       silent=True, subsample=1),
  n_features_to_select=4, step=1, verbose=0)","[0.     0.0125 0.125  0.15   0.7875 0.8125 0.975  0.975  0.9875 0.9875
 1.     1.    ]","XGBClassifier(base_score=0.5, booster='gbtree', colsample_bylevel=1,
       colsample_bytree=1, gamma=0, learning_rate=0.1, max_delta_step=0,
       max_depth=3, min_child_weight=1, missing=nan, n_estimators=100,
       n_jobs=1, nthread=None, objective='binary:logistic', random_state=0,
       reg_alpha=0, reg_lambda=1, scale_pos_weight=1, seed=None,
       silent=True, subsample=1)",Boosted Trees,[0.  0.  0.  0.  0.  0.  0.  0.2 0.2 0.4 0.4 1. ],Anac,"['analizo_accm_mean', 'analizo_noa_mean', 'analizo_npa_mean', 'analizo_sc_mean', 'analizo_nom_mean', 'analizo_lcom4_mean', 'analizo_noc_mean', 'analizo_rfc_mean', 'analizo_npm_mean', 'analizo_amloc_mean', 'analizo_dit_mean', 'analizo_acc_mean', 'analizo_anpm_mean', 'analizo_cbo_mean', 'analizo_mmloc_mean']"
0,agent,,0.3125,"RFE(estimator=SGDClassifier(alpha=0.0001, average=False, class_weight=None,
       early_stopping=False, epsilon=0.1, eta0=0.0, fit_intercept=True,
       l1_ratio=0.15, learning_rate='optimal', loss='hinge',
       max_iter=10000, n_iter=None, n_iter_no_change=5, n_jobs=None,
       penalty='l2', power_t=0.5, random_state=None, shuffle=True,
       tol=None, validation_fraction=0.1, verbose=0, warm_start=False),
  n_features_to_select=4, step=1, verbose=0)",,"SGDClassifier(alpha=0.0001, average=False, class_weight=None,
       early_stopping=False, epsilon=0.1, eta0=0.0, fit_intercept=True,
       l1_ratio=0.15, learning_rate='optimal', loss='hinge',
       max_iter=10000, n_iter=None, n_iter_no_change=5, n_jobs=None,
       penalty='l2', power_t=0.5, random_state=None, shuffle=True,
       tol=None, validation_fraction=0.1, verbose=0, warm_start=False)",SGD,,Robocup-2D,"['analizo_anpm_mean', 'analizo_lcom4_mean', 'analizo_noa_mean', 'analizo_npa_mean', 'analizo_accm_mean', 'analizo_npm_mean', 'analizo_rfc_mean', 'analizo_dit_mean', 'analizo_cbo_mean', 'analizo_noc_mean', 'analizo_amloc_mean', 'analizo_nom_mean', 'analizo_acc_mean', 'analizo_mmloc_mean', 'analizo_sc_mean']"
1,Robot,,0.0,"RFE(estimator=SGDClassifier(alpha=0.0001, average=False, class_weight=None,
       early_stopping=False, epsilon=0.1, eta0=0.0, fit_intercept=True,
       l1_ratio=0.15, learning_rate='optimal', loss='hinge',
       max_iter=10000, n_iter=None, n_iter_no_change=5, n_jobs=None,
       penalty='l2', power_t=0.5, random_state=None, shuffle=True,
       tol=None, validation_fraction=0.1, verbose=0, warm_start=False),
  n_features_to_select=4, step=1, verbose=0)",,"SGDClassifier(alpha=0.0001, average=False, class_weight=None,
       early_stopping=False, epsilon=0.1, eta0=0.0, fit_intercept=True,
       l1_ratio=0.15, learning_rate='optimal', loss='hinge',
       max_iter=10000, n_iter=None, n_iter_no_change=5, n_jobs=None,
       penalty='l2', power_t=0.5, random_state=None, shuffle=True,
       tol=None, validation_fraction=0.1, verbose=0, warm_start=False)",SGD,,Robcup-Other-Leagues,"['analizo_accm_mean', 'analizo_anpm_mean', 'analizo_cbo_mean', 'analizo_nom_mean', 'analizo_dit_mean', 'analizo_acc_mean', 'analizo_lcom4_mean', 'analizo_npm_mean', 'analizo_rfc_mean', 'analizo_sc_mean', 'analizo_npa_mean', 'analizo_amloc_mean', 'analizo_mmloc_mean', 'analizo_noc_mean', 'analizo_noa_mean']"
2,non-agent,,0.20512820512820512,"RFE(estimator=SGDClassifier(alpha=0.0001, average=False, class_weight=None,
       early_stopping=False, epsilon=0.1, eta0=0.0, fit_intercept=True,
       l1_ratio=0.15, learning_rate='optimal', loss='hinge',
       max_iter=10000, n_iter=None, n_iter_no_change=5, n_jobs=None,
       penalty='l2', power_t=0.5, random_state=None, shuffle=True,
       tol=None, validation_fraction=0.1, verbose=0, warm_start=False),
  n_features_to_select=4, step=1, verbose=0)",,"SGDClassifier(alpha=0.0001, average=False, class_weight=None,
       early_stopping=False, epsilon=0.1, eta0=0.0, fit_intercept=True,
       l1_ratio=0.15, learning_rate='optimal', loss='hinge',
       max_iter=10000, n_iter=None, n_iter_no_change=5, n_jobs=None,
       penalty='l2', power_t=0.5, random_state=None, shuffle=True,
       tol=None, validation_fraction=0.1, verbose=0, warm_start=False)",SGD,,Security,"['analizo_accm_mean', 'analizo_amloc_mean', 'analizo_nom_mean', 'analizo_npa_mean', 'analizo_lcom4_mean', 'analizo_acc_mean', 'analizo_noa_mean', 'analizo_mmloc_mean', 'analizo_cbo_mean', 'analizo_rfc_mean', 'analizo_npm_mean', 'analizo_anpm_mean', 'analizo_dit_mean', 'analizo_sc_mean', 'analizo_noc_mean']"
3,non-agent,,0.0,"RFE(estimator=SGDClassifier(alpha=0.0001, average=False, class_weight=None,
       early_stopping=False, epsilon=0.1, eta0=0.0, fit_intercept=True,
       l1_ratio=0.15, learning_rate='optimal', loss='hinge',
       max_iter=10000, n_iter=None, n_iter_no_change=5, n_jobs=None,
       penalty='l2', power_t=0.5, random_state=None, shuffle=True,
       tol=None, validation_fraction=0.1, verbose=0, warm_start=False),
  n_features_to_select=4, step=1, verbose=0)",,"SGDClassifier(alpha=0.0001, average=False, class_weight=None,
       early_stopping=False, epsilon=0.1, eta0=0.0, fit_intercept=True,
       l1_ratio=0.15, learning_rate='optimal', loss='hinge',
       max_iter=10000, n_iter=None, n_iter_no_change=5, n_jobs=None,
       penalty='l2', power_t=0.5, random_state=None, shuffle=True,
       tol=None, validation_fraction=0.1, verbose=0, warm_start=False)",SGD,,Mobile,"['analizo_cbo_mean', 'analizo_mmloc_mean', 'analizo_npm_mean', 'analizo_sc_mean', 'analizo_lcom4_mean', 'analizo_amloc_mean', 'analizo_rfc_mean', 'analizo_accm_mean', 'analizo_acc_mean', 'analizo_noa_mean', 'analizo_nom_mean', 'analizo_npa_mean', 'analizo_anpm_mean', 'analizo_noc_mean', 'analizo_dit_mean']"
4,non-agent,,0.0,"RFE(estimator=SGDClassifier(alpha=0.0001, average=False, class_weight=None,
       early_stopping=False, epsilon=0.1, eta0=0.0, fit_intercept=True,
       l1_ratio=0.15, learning_rate='optimal', loss='hinge',
       max_iter=10000, n_iter=None, n_iter_no_change=5, n_jobs=None,
       penalty='l2', power_t=0.5, random_state=None, shuffle=True,
       tol=None, validation_fraction=0.1, verbose=0, warm_start=False),
  n_features_to_select=4, step=1, verbose=0)",,"SGDClassifier(alpha=0.0001, average=False, class_weight=None,
       early_stopping=False, epsilon=0.1, eta0=0.0, fit_intercept=True,
       l1_ratio=0.15, learning_rate='optimal', loss='hinge',
       max_iter=10000, n_iter=None, n_iter_no_change=5, n_jobs=None,
       penalty='l2', power_t=0.5, random_state=None, shuffle=True,
       tol=None, validation_fraction=0.1, verbose=0, warm_start=False)",SGD,,Ide,"['analizo_acc_mean', 'analizo_accm_mean', 'analizo_cbo_mean', 'analizo_nom_mean', 'analizo_npa_mean', 'analizo_lcom4_mean', 'analizo_noa_mean', 'analizo_sc_mean', 'analizo_noc_mean', 'analizo_npm_mean', 'analizo_dit_mean', 'analizo_anpm_mean', 'analizo_rfc_mean', 'analizo_amloc_mean', 'analizo_mmloc_mean']"
5,non-agent,,0.28571428571428575,"RFE(estimator=SGDClassifier(alpha=0.0001, average=False, class_weight=None,
       early_stopping=False, epsilon=0.1, eta0=0.0, fit_intercept=True,
       l1_ratio=0.15, learning_rate='optimal', loss='hinge',
       max_iter=10000, n_iter=None, n_iter_no_change=5, n_jobs=None,
       penalty='l2', power_t=0.5, random_state=None, shuffle=True,
       tol=None, validation_fraction=0.1, verbose=0, warm_start=False),
  n_features_to_select=4, step=1, verbose=0)",,"SGDClassifier(alpha=0.0001, average=False, class_weight=None,
       early_stopping=False, epsilon=0.1, eta0=0.0, fit_intercept=True,
       l1_ratio=0.15, learning_rate='optimal', loss='hinge',
       max_iter=10000, n_iter=None, n_iter_no_change=5, n_jobs=None,
       penalty='l2', power_t=0.5, random_state=None, shuffle=True,
       tol=None, validation_fraction=0.1, verbose=0, warm_start=False)",SGD,,Finance,"['analizo_accm_mean', 'analizo_anpm_mean', 'analizo_cbo_mean', 'analizo_lcom4_mean', 'analizo_npa_mean', 'analizo_acc_mean', 'analizo_dit_mean', 'analizo_amloc_mean', 'analizo_rfc_mean', 'analizo_noc_mean', 'analizo_nom_mean', 'analizo_npm_mean', 'analizo_mmloc_mean', 'analizo_sc_mean', 'analizo_noa_mean']"
6,non-agent,,0.21978021978021975,"RFE(estimator=SGDClassifier(alpha=0.0001, average=False, class_weight=None,
       early_stopping=False, epsilon=0.1, eta0=0.0, fit_intercept=True,
       l1_ratio=0.15, learning_rate='optimal', loss='hinge',
       max_iter=10000, n_iter=None, n_iter_no_change=5, n_jobs=None,
       penalty='l2', power_t=0.5, random_state=None, shuffle=True,
       tol=None, validation_fraction=0.1, verbose=0, warm_start=False),
  n_features_to_select=4, step=1, verbose=0)",,"SGDClassifier(alpha=0.0001, average=False, class_weight=None,
       early_stopping=False, epsilon=0.1, eta0=0.0, fit_intercept=True,
       l1_ratio=0.15, learning_rate='optimal', loss='hinge',
       max_iter=10000, n_iter=None, n_iter_no_change=5, n_jobs=None,
       penalty='l2', power_t=0.5, random_state=None, shuffle=True,
       tol=None, validation_fraction=0.1, verbose=0, warm_start=False)",SGD,,Education,"['analizo_acc_mean', 'analizo_accm_mean', 'analizo_cbo_mean', 'analizo_npm_mean', 'analizo_dit_mean', 'analizo_npa_mean', 'analizo_amloc_mean', 'analizo_noa_mean', 'analizo_mmloc_mean', 'analizo_nom_mean', 'analizo_rfc_mean', 'analizo_lcom4_mean', 'analizo_noc_mean', 'analizo_sc_mean', 'analizo_anpm_mean']"
7,non-agent,,0.13333333333333333,"RFE(estimator=SGDClassifier(alpha=0.0001, average=False, class_weight=None,
       early_stopping=False, epsilon=0.1, eta0=0.0, fit_intercept=True,
       l1_ratio=0.15, learning_rate='optimal', loss='hinge',
       max_iter=10000, n_iter=None, n_iter_no_change=5, n_jobs=None,
       penalty='l2', power_t=0.5, random_state=None, shuffle=True,
       tol=None, validation_fraction=0.1, verbose=0, warm_start=False),
  n_features_to_select=4, step=1, verbose=0)",,"SGDClassifier(alpha=0.0001, average=False, class_weight=None,
       early_stopping=False, epsilon=0.1, eta0=0.0, fit_intercept=True,
       l1_ratio=0.15, learning_rate='optimal', loss='hinge',
       max_iter=10000, n_iter=None, n_iter_no_change=5, n_jobs=None,
       penalty='l2', power_t=0.5, random_state=None, shuffle=True,
       tol=None, validation_fraction=0.1, verbose=0, warm_start=False)",SGD,,Games,"['analizo_acc_mean', 'analizo_accm_mean', 'analizo_dit_mean', 'analizo_lcom4_mean', 'analizo_nom_mean', 'analizo_npm_mean', 'analizo_anpm_mean', 'analizo_cbo_mean', 'analizo_npa_mean', 'analizo_noa_mean', 'analizo_noc_mean', 'analizo_rfc_mean', 'analizo_amloc_mean', 'analizo_mmloc_mean', 'analizo_sc_mean']"
8,non-agent,,0.0,"RFE(estimator=SGDClassifier(alpha=0.0001, average=False, class_weight=None,
       early_stopping=False, epsilon=0.1, eta0=0.0, fit_intercept=True,
       l1_ratio=0.15, learning_rate='optimal', loss='hinge',
       max_iter=10000, n_iter=None, n_iter_no_change=5, n_jobs=None,
       penalty='l2', power_t=0.5, random_state=None, shuffle=True,
       tol=None, validation_fraction=0.1, verbose=0, warm_start=False),
  n_features_to_select=4, step=1, verbose=0)",,"SGDClassifier(alpha=0.0001, average=False, class_weight=None,
       early_stopping=False, epsilon=0.1, eta0=0.0, fit_intercept=True,
       l1_ratio=0.15, learning_rate='optimal', loss='hinge',
       max_iter=10000, n_iter=None, n_iter_no_change=5, n_jobs=None,
       penalty='l2', power_t=0.5, random_state=None, shuffle=True,
       tol=None, validation_fraction=0.1, verbose=0, warm_start=False)",SGD,,Graphics,"['analizo_accm_mean', 'analizo_lcom4_mean', 'analizo_nom_mean', 'analizo_npa_mean', 'analizo_cbo_mean', 'analizo_noa_mean', 'analizo_dit_mean', 'analizo_acc_mean', 'analizo_anpm_mean', 'analizo_npm_mean', 'analizo_sc_mean', 'analizo_amloc_mean', 'analizo_mmloc_mean', 'analizo_rfc_mean', 'analizo_noc_mean']"
9,non-agent,,0.0,"RFE(estimator=SGDClassifier(alpha=0.0001, average=False, class_weight=None,
       early_stopping=False, epsilon=0.1, eta0=0.0, fit_intercept=True,
       l1_ratio=0.15, learning_rate='optimal', loss='hinge',
       max_iter=10000, n_iter=None, n_iter_no_change=5, n_jobs=None,
       penalty='l2', power_t=0.5, random_state=None, shuffle=True,
       tol=None, validation_fraction=0.1, verbose=0, warm_start=False),
  n_features_to_select=4, step=1, verbose=0)",,"SGDClassifier(alpha=0.0001, average=False, class_weight=None,
       early_stopping=False, epsilon=0.1, eta0=0.0, fit_intercept=True,
       l1_ratio=0.15, learning_rate='optimal', loss='hinge',
       max_iter=10000, n_iter=None, n_iter_no_change=5, n_jobs=None,
       penalty='l2', power_t=0.5, random_state=None, shuffle=True,
       tol=None, validation_fraction=0.1, verbose=0, warm_start=False)",SGD,,Robot-Simulation,"['analizo_accm_mean', 'analizo_anpm_mean', 'analizo_dit_mean', 'analizo_lcom4_mean', 'analizo_nom_mean', 'analizo_acc_mean', 'analizo_rfc_mean', 'analizo_npa_mean', 'analizo_amloc_mean', 'analizo_cbo_mean', 'analizo_noc_mean', 'analizo_noa_mean', 'analizo_sc_mean', 'analizo_npm_mean', 'analizo_mmloc_mean']"
10,non-agent,,0.0,"RFE(estimator=SGDClassifier(alpha=0.0001, average=False, class_weight=None,
       early_stopping=False, epsilon=0.1, eta0=0.0, fit_intercept=True,
       l1_ratio=0.15, learning_rate='optimal', loss='hinge',
       max_iter=10000, n_iter=None, n_iter_no_change=5, n_jobs=None,
       penalty='l2', power_t=0.5, random_state=None, shuffle=True,
       tol=None, validation_fraction=0.1, verbose=0, warm_start=False),
  n_features_to_select=4, step=1, verbose=0)",,"SGDClassifier(alpha=0.0001, average=False, class_weight=None,
       early_stopping=False, epsilon=0.1, eta0=0.0, fit_intercept=True,
       l1_ratio=0.15, learning_rate='optimal', loss='hinge',
       max_iter=10000, n_iter=None, n_iter_no_change=5, n_jobs=None,
       penalty='l2', power_t=0.5, random_state=None, shuffle=True,
       tol=None, validation_fraction=0.1, verbose=0, warm_start=False)",SGD,,Audio,"['analizo_anpm_mean', 'analizo_cbo_mean', 'analizo_noc_mean', 'analizo_sc_mean', 'analizo_dit_mean', 'analizo_lcom4_mean', 'analizo_nom_mean', 'analizo_npa_mean', 'analizo_amloc_mean', 'analizo_noa_mean', 'analizo_mmloc_mean', 'analizo_rfc_mean', 'analizo_acc_mean', 'analizo_npm_mean', 'analizo_accm_mean']"
11,agent,,0.2,"RFE(estimator=SGDClassifier(alpha=0.0001, average=False, class_weight=None,
       early_stopping=False, epsilon=0.1, eta0=0.0, fit_intercept=True,
       l1_ratio=0.15, learning_rate='optimal', loss='hinge',
       max_iter=10000, n_iter=None, n_iter_no_change=5, n_jobs=None,
       penalty='l2', power_t=0.5, random_state=None, shuffle=True,
       tol=None, validation_fraction=0.1, verbose=0, warm_start=False),
  n_features_to_select=4, step=1, verbose=0)",,"SGDClassifier(alpha=0.0001, average=False, class_weight=None,
       early_stopping=False, epsilon=0.1, eta0=0.0, fit_intercept=True,
       l1_ratio=0.15, learning_rate='optimal', loss='hinge',
       max_iter=10000, n_iter=None, n_iter_no_change=5, n_jobs=None,
       penalty='l2', power_t=0.5, random_state=None, shuffle=True,
       tol=None, validation_fraction=0.1, verbose=0, warm_start=False)",SGD,,Chess,"['analizo_accm_mean', 'analizo_anpm_mean', 'analizo_npa_mean', 'analizo_rfc_mean', 'analizo_lcom4_mean', 'analizo_npm_mean', 'analizo_nom_mean', 'analizo_amloc_mean', 'analizo_dit_mean', 'analizo_cbo_mean', 'analizo_sc_mean', 'analizo_noc_mean', 'analizo_acc_mean', 'analizo_noa_mean', 'analizo_mmloc_mean']"
12,agent,,0.22222222222222224,"RFE(estimator=SGDClassifier(alpha=0.0001, average=False, class_weight=None,
       early_stopping=False, epsilon=0.1, eta0=0.0, fit_intercept=True,
       l1_ratio=0.15, learning_rate='optimal', loss='hinge',
       max_iter=10000, n_iter=None, n_iter_no_change=5, n_jobs=None,
       penalty='l2', power_t=0.5, random_state=None, shuffle=True,
       tol=None, validation_fraction=0.1, verbose=0, warm_start=False),
  n_features_to_select=4, step=1, verbose=0)",,"SGDClassifier(alpha=0.0001, average=False, class_weight=None,
       early_stopping=False, epsilon=0.1, eta0=0.0, fit_intercept=True,
       l1_ratio=0.15, learning_rate='optimal', loss='hinge',
       max_iter=10000, n_iter=None, n_iter_no_change=5, n_jobs=None,
       penalty='l2', power_t=0.5, random_state=None, shuffle=True,
       tol=None, validation_fraction=0.1, verbose=0, warm_start=False)",SGD,,Anac,"['analizo_accm_mean', 'analizo_noa_mean', 'analizo_npa_mean', 'analizo_sc_mean', 'analizo_npm_mean', 'analizo_rfc_mean', 'analizo_lcom4_mean', 'analizo_cbo_mean', 'analizo_amloc_mean', 'analizo_acc_mean', 'analizo_dit_mean', 'analizo_nom_mean', 'analizo_anpm_mean', 'analizo_noc_mean', 'analizo_mmloc_mean']"
13,Robot,,0.0,"RFE(estimator=SGDClassifier(alpha=0.0001, average=False, class_weight=None,
       early_stopping=False, epsilon=0.1, eta0=0.0, fit_intercept=True,
       l1_ratio=0.15, learning_rate='optimal', loss='hinge',
       max_iter=10000, n_iter=None, n_iter_no_change=5, n_jobs=None,
       penalty='l2', power_t=0.5, random_state=None, shuffle=True,
       tol=None, validation_fraction=0.1, verbose=0, warm_start=False),
  n_features_to_select=4, step=1, verbose=0)",,"SGDClassifier(alpha=0.0001, average=False, class_weight=None,
       early_stopping=False, epsilon=0.1, eta0=0.0, fit_intercept=True,
       l1_ratio=0.15, learning_rate='optimal', loss='hinge',
       max_iter=10000, n_iter=None, n_iter_no_change=5, n_jobs=None,
       penalty='l2', power_t=0.5, random_state=None, shuffle=True,
       tol=None, validation_fraction=0.1, verbose=0, warm_start=False)",SGD,,Robo-Projects,"['analizo_accm_mean', 'analizo_amloc_mean', 'analizo_cbo_mean', 'analizo_lcom4_mean', 'analizo_dit_mean', 'analizo_noa_mean', 'analizo_anpm_mean', 'analizo_acc_mean', 'analizo_mmloc_mean', 'analizo_sc_mean', 'analizo_npa_mean', 'analizo_rfc_mean', 'analizo_npm_mean', 'analizo_noc_mean', 'analizo_nom_mean']"
8,non-agent,0.2423025435073628,0.0,"RFE(estimator=LogisticRegression(C=1.0, class_weight=None, dual=False, fit_intercept=True,
          intercept_scaling=1, max_iter=100, multi_class='warn',
          n_jobs=None, penalty='l2', random_state=None, solver='warn',
          tol=0.0001, verbose=0, warm_start=False),
  n_features_to_select=4, step=1, verbose=0)","[0.         0.01204819 0.02409639 0.02409639 0.03614458 0.04819277
 0.09638554 0.09638554 0.19277108 0.19277108 0.20481928 0.20481928
 0.36144578 0.36144578 0.37349398 0.39759036 0.48192771 0.4939759
 1.        ]","LogisticRegression(C=1.0, class_weight=None, dual=False, fit_intercept=True,
          intercept_scaling=1, max_iter=100, multi_class='warn',
          n_jobs=None, penalty='l2', random_state=None, solver='warn',
          tol=0.0001, verbose=0, warm_start=False)",Logistic Regression,"[0.         0.         0.         0.11111111 0.11111111 0.22222222
 0.22222222 0.33333333 0.33333333 0.44444444 0.44444444 0.55555556
 0.55555556 0.66666667 0.66666667 0.88888889 0.88888889 1.
 1.        ]",Graphics,"['analizo_anpm_mean', 'analizo_dit_mean', 'analizo_noc_mean', 'analizo_npa_mean', 'analizo_noa_mean', 'analizo_acc_mean', 'analizo_lcom4_mean', 'analizo_nom_mean', 'analizo_npm_mean', 'analizo_cbo_mean', 'analizo_rfc_mean', 'analizo_mmloc_mean', 'analizo_amloc_mean', 'analizo_sc_mean', 'analizo_accm_mean']"
10,non-agent,0.3580246913580247,0.0,"RFE(estimator=LogisticRegression(C=1.0, class_weight=None, dual=False, fit_intercept=True,
          intercept_scaling=1, max_iter=100, multi_class='warn',
          n_jobs=None, penalty='l2', random_state=None, solver='warn',
          tol=0.0001, verbose=0, warm_start=False),
  n_features_to_select=4, step=1, verbose=0)","[0.         0.01234568 0.0617284  0.0617284  0.13580247 0.13580247
 0.14814815 0.14814815 0.2962963  0.2962963  0.37037037 0.37037037
 0.4691358  0.4691358  0.48148148 0.54320988 0.54320988 0.77777778
 0.79012346 1.        ]","LogisticRegression(C=1.0, class_weight=None, dual=False, fit_intercept=True,
          intercept_scaling=1, max_iter=100, multi_class='warn',
          n_jobs=None, penalty='l2', random_state=None, solver='warn',
          tol=0.0001, verbose=0, warm_start=False)",Logistic Regression,"[0.  0.  0.  0.1 0.1 0.2 0.2 0.3 0.3 0.5 0.5 0.6 0.6 0.7 0.8 0.8 0.9 0.9
 1.  1. ]",Audio,"['analizo_acc_mean', 'analizo_anpm_mean', 'analizo_dit_mean', 'analizo_noc_mean', 'analizo_npa_mean', 'analizo_npm_mean', 'analizo_rfc_mean', 'analizo_nom_mean', 'analizo_noa_mean', 'analizo_sc_mean', 'analizo_amloc_mean', 'analizo_lcom4_mean', 'analizo_mmloc_mean', 'analizo_cbo_mean', 'analizo_accm_mean']"
11,agent,0.40224358974358976,0.0,"RFE(estimator=LogisticRegression(C=1.0, class_weight=None, dual=False, fit_intercept=True,
          intercept_scaling=1, max_iter=100, multi_class='warn',
          n_jobs=None, penalty='l2', random_state=None, solver='warn',
          tol=0.0001, verbose=0, warm_start=False),
  n_features_to_select=4, step=1, verbose=0)","[0.         0.02564103 0.14102564 0.14102564 0.15384615 0.15384615
 0.21794872 0.21794872 0.30769231 0.30769231 0.33333333 0.33333333
 0.53846154 0.53846154 0.64102564 0.64102564 0.88461538 0.88461538
 1.        ]","LogisticRegression(C=1.0, class_weight=None, dual=False, fit_intercept=True,
          intercept_scaling=1, max_iter=100, multi_class='warn',
          n_jobs=None, penalty='l2', random_state=None, solver='warn',
          tol=0.0001, verbose=0, warm_start=False)",Logistic Regression,"[0.    0.    0.    0.125 0.125 0.25  0.25  0.375 0.375 0.5   0.5   0.625
 0.625 0.75  0.75  0.875 0.875 1.    1.   ]",Chess,"['analizo_acc_mean', 'analizo_anpm_mean', 'analizo_dit_mean', 'analizo_lcom4_mean', 'analizo_npm_mean', 'analizo_noa_mean', 'analizo_rfc_mean', 'analizo_nom_mean', 'analizo_sc_mean', 'analizo_amloc_mean', 'analizo_mmloc_mean', 'analizo_accm_mean', 'analizo_cbo_mean', 'analizo_noc_mean', 'analizo_npa_mean']"
1,Robot,0.4074074074074074,0.0,"RFE(estimator=LogisticRegression(C=1.0, class_weight=None, dual=False, fit_intercept=True,
          intercept_scaling=1, max_iter=100, multi_class='warn',
          n_jobs=None, penalty='l2', random_state=None, solver='warn',
          tol=0.0001, verbose=0, warm_start=False),
  n_features_to_select=4, step=1, verbose=0)","[0.         0.01234568 0.11111111 0.11111111 0.4691358  0.4691358
 0.64197531 0.64197531 1.        ]","LogisticRegression(C=1.0, class_weight=None, dual=False, fit_intercept=True,
          intercept_scaling=1, max_iter=100, multi_class='warn',
          n_jobs=None, penalty='l2', random_state=None, solver='warn',
          tol=0.0001, verbose=0, warm_start=False)",Logistic Regression,"[0.         0.         0.         0.33333333 0.33333333 0.66666667
 0.66666667 1.         1.        ]",Robcup-Other-Leagues,"['analizo_dit_mean', 'analizo_mmloc_mean', 'analizo_npa_mean', 'analizo_npm_mean', 'analizo_amloc_mean', 'analizo_rfc_mean', 'analizo_nom_mean', 'analizo_lcom4_mean', 'analizo_accm_mean', 'analizo_acc_mean', 'analizo_noa_mean', 'analizo_sc_mean', 'analizo_anpm_mean', 'analizo_noc_mean', 'analizo_cbo_mean']"
4,non-agent,0.43407172995780596,0.0,"RFE(estimator=LogisticRegression(C=1.0, class_weight=None, dual=False, fit_intercept=True,
          intercept_scaling=1, max_iter=100, multi_class='warn',
          n_jobs=None, penalty='l2', random_state=None, solver='warn',
          tol=0.0001, verbose=0, warm_start=False),
  n_features_to_select=4, step=1, verbose=0)","[0.         0.03797468 0.07594937 0.07594937 0.08860759 0.10126582
 0.12658228 0.12658228 0.27848101 0.27848101 0.3164557  0.3164557
 0.32911392 0.32911392 0.40506329 0.40506329 0.55696203 0.58227848
 0.59493671 0.59493671 0.86075949 0.86075949 0.93670886 0.93670886
 1.        ]","LogisticRegression(C=1.0, class_weight=None, dual=False, fit_intercept=True,
          intercept_scaling=1, max_iter=100, multi_class='warn',
          n_jobs=None, penalty='l2', random_state=None, solver='warn',
          tol=0.0001, verbose=0, warm_start=False)",Logistic Regression,"[0.         0.         0.         0.08333333 0.08333333 0.16666667
 0.16666667 0.25       0.25       0.33333333 0.33333333 0.41666667
 0.41666667 0.58333333 0.58333333 0.66666667 0.66666667 0.66666667
 0.66666667 0.75       0.75       0.91666667 0.91666667 1.
 1.        ]",Ide,"['analizo_lcom4_mean', 'analizo_noa_mean', 'analizo_nom_mean', 'analizo_npm_mean', 'analizo_rfc_mean', 'analizo_amloc_mean', 'analizo_accm_mean', 'analizo_cbo_mean', 'analizo_sc_mean', 'analizo_mmloc_mean', 'analizo_acc_mean', 'analizo_anpm_mean', 'analizo_npa_mean', 'analizo_dit_mean', 'analizo_noc_mean']"
5,non-agent,0.5989010989010989,0.0,"RFE(estimator=LogisticRegression(C=1.0, class_weight=None, dual=False, fit_intercept=True,
          intercept_scaling=1, max_iter=100, multi_class='warn',
          n_jobs=None, penalty='l2', random_state=None, solver='warn',
          tol=0.0001, verbose=0, warm_start=False),
  n_features_to_select=4, step=1, verbose=0)","[0.         0.07692308 0.07692308 0.38461538 0.38461538 0.56410256
 0.56410256 0.65384615 0.65384615 0.74358974 0.75641026 0.82051282
 0.83333333 0.93589744 0.93589744 1.        ]","LogisticRegression(C=1.0, class_weight=None, dual=False, fit_intercept=True,
          intercept_scaling=1, max_iter=100, multi_class='warn',
          n_jobs=None, penalty='l2', random_state=None, solver='warn',
          tol=0.0001, verbose=0, warm_start=False)",Logistic Regression,"[0.         0.         0.14285714 0.14285714 0.28571429 0.28571429
 0.42857143 0.42857143 0.57142857 0.57142857 0.71428571 0.71428571
 0.85714286 0.85714286 1.         1.        ]",Finance,"['analizo_accm_mean', 'analizo_dit_mean', 'analizo_noc_mean', 'analizo_npa_mean', 'analizo_cbo_mean', 'analizo_acc_mean', 'analizo_anpm_mean', 'analizo_noa_mean', 'analizo_nom_mean', 'analizo_rfc_mean', 'analizo_amloc_mean', 'analizo_mmloc_mean', 'analizo_npm_mean', 'analizo_lcom4_mean', 'analizo_sc_mean']"
3,non-agent,0.615625,0.0,"RFE(estimator=LogisticRegression(C=1.0, class_weight=None, dual=False, fit_intercept=True,
          intercept_scaling=1, max_iter=100, multi_class='warn',
          n_jobs=None, penalty='l2', random_state=None, solver='warn',
          tol=0.0001, verbose=0, warm_start=False),
  n_features_to_select=4, step=1, verbose=0)","[0.     0.0125 0.225  0.225  0.475  0.475  0.525  0.5375 0.625  0.6375
 0.6625 0.6625 0.675  0.675  0.7625 0.7625 0.9625 0.9625 1.    ]","LogisticRegression(C=1.0, class_weight=None, dual=False, fit_intercept=True,
          intercept_scaling=1, max_iter=100, multi_class='warn',
          n_jobs=None, penalty='l2', random_state=None, solver='warn',
          tol=0.0001, verbose=0, warm_start=False)",Logistic Regression,"[0.    0.    0.    0.125 0.125 0.25  0.25  0.375 0.375 0.5   0.5   0.625
 0.625 0.75  0.75  0.875 0.875 1.    1.   ]",Mobile,"['analizo_acc_mean', 'analizo_anpm_mean', 'analizo_dit_mean', 'analizo_npm_mean', 'analizo_nom_mean', 'analizo_lcom4_mean', 'analizo_noa_mean', 'analizo_npa_mean', 'analizo_noc_mean', 'analizo_amloc_mean', 'analizo_cbo_mean', 'analizo_mmloc_mean', 'analizo_rfc_mean', 'analizo_sc_mean', 'analizo_accm_mean']"
6,non-agent,0.6213333333333333,0.0,"RFE(estimator=LogisticRegression(C=1.0, class_weight=None, dual=False, fit_intercept=True,
          intercept_scaling=1, max_iter=100, multi_class='warn',
          n_jobs=None, penalty='l2', random_state=None, solver='warn',
          tol=0.0001, verbose=0, warm_start=False),
  n_features_to_select=4, step=1, verbose=0)","[0.         0.01333333 0.05333333 0.05333333 0.22666667 0.24
 0.29333333 0.29333333 0.41333333 0.41333333 0.45333333 0.45333333
 0.52       0.52       0.57333333 0.57333333 0.61333333 0.62666667
 0.69333333 0.69333333 0.77333333 0.77333333 0.92       0.92
 0.94666667 0.94666667 0.98666667 0.98666667 1.        ]","LogisticRegression(C=1.0, class_weight=None, dual=False, fit_intercept=True,
          intercept_scaling=1, max_iter=100, multi_class='warn',
          n_jobs=None, penalty='l2', random_state=None, solver='warn',
          tol=0.0001, verbose=0, warm_start=False)",Logistic Regression,"[0.         0.         0.         0.06666667 0.06666667 0.13333333
 0.13333333 0.2        0.2        0.26666667 0.26666667 0.33333333
 0.33333333 0.4        0.4        0.46666667 0.46666667 0.53333333
 0.53333333 0.6        0.6        0.66666667 0.66666667 0.86666667
 0.86666667 0.93333333 0.93333333 1.         1.        ]",Education,"['analizo_anpm_mean', 'analizo_cbo_mean', 'analizo_lcom4_mean', 'analizo_noc_mean', 'analizo_dit_mean', 'analizo_npm_mean', 'analizo_nom_mean', 'analizo_noa_mean', 'analizo_npa_mean', 'analizo_acc_mean', 'analizo_sc_mean', 'analizo_rfc_mean', 'analizo_amloc_mean', 'analizo_mmloc_mean', 'analizo_accm_mean']"
9,non-agent,0.6504065040650406,0.0,"RFE(estimator=LogisticRegression(C=1.0, class_weight=None, dual=False, fit_intercept=True,
          intercept_scaling=1, max_iter=100, multi_class='warn',
          n_jobs=None, penalty='l2', random_state=None, solver='warn',
          tol=0.0001, verbose=0, warm_start=False),
  n_features_to_select=4, step=1, verbose=0)","[0.         0.02439024 0.24390244 0.24390244 0.73170732 0.73170732
 0.97560976 0.97560976 1.        ]","LogisticRegression(C=1.0, class_weight=None, dual=False, fit_intercept=True,
          intercept_scaling=1, max_iter=100, multi_class='warn',
          n_jobs=None, penalty='l2', random_state=None, solver='warn',
          tol=0.0001, verbose=0, warm_start=False)",Logistic Regression,"[0.         0.         0.         0.33333333 0.33333333 0.66666667
 0.66666667 1.         1.        ]",Robot-Simulation,"['analizo_acc_mean', 'analizo_lcom4_mean', 'analizo_nom_mean', 'analizo_npm_mean', 'analizo_amloc_mean', 'analizo_npa_mean', 'analizo_sc_mean', 'analizo_accm_mean', 'analizo_cbo_mean', 'analizo_anpm_mean', 'analizo_dit_mean', 'analizo_rfc_mean', 'analizo_noa_mean', 'analizo_noc_mean', 'analizo_mmloc_mean']"
2,non-agent,0.6526041666666668,0.0,"RFE(estimator=LogisticRegression(C=1.0, class_weight=None, dual=False, fit_intercept=True,
          intercept_scaling=1, max_iter=100, multi_class='warn',
          n_jobs=None, penalty='l2', random_state=None, solver='warn',
          tol=0.0001, verbose=0, warm_start=False),
  n_features_to_select=4, step=1, verbose=0)","[0.     0.025  0.1625 0.1625 0.525  0.525  0.55   0.55   0.6125 0.6125
 0.625  0.6375 0.6625 0.7875 0.8    0.8    0.875  0.8875 0.8875 0.9875
 0.9875 1.     1.    ]","LogisticRegression(C=1.0, class_weight=None, dual=False, fit_intercept=True,
          intercept_scaling=1, max_iter=100, multi_class='warn',
          n_jobs=None, penalty='l2', random_state=None, solver='warn',
          tol=0.0001, verbose=0, warm_start=False)",Logistic Regression,"[0.         0.08333333 0.08333333 0.16666667 0.16666667 0.25
 0.25       0.33333333 0.33333333 0.41666667 0.5        0.5
 0.5        0.5        0.58333333 0.66666667 0.66666667 0.75
 0.83333333 0.83333333 0.91666667 0.91666667 1.        ]",Security,"['analizo_lcom4_mean', 'analizo_noa_mean', 'analizo_nom_mean', 'analizo_npm_mean', 'analizo_rfc_mean', 'analizo_amloc_mean', 'analizo_sc_mean', 'analizo_mmloc_mean', 'analizo_accm_mean', 'analizo_npa_mean', 'analizo_acc_mean', 'analizo_anpm_mean', 'analizo_cbo_mean', 'analizo_dit_mean', 'analizo_noc_mean']"
7,non-agent,0.7080357142857143,0.0,"RFE(estimator=LogisticRegression(C=1.0, class_weight=None, dual=False, fit_intercept=True,
          intercept_scaling=1, max_iter=100, multi_class='warn',
          n_jobs=None, penalty='l2', random_state=None, solver='warn',
          tol=0.0001, verbose=0, warm_start=False),
  n_features_to_select=4, step=1, verbose=0)","[0.     0.0125 0.45   0.45   0.55   0.55   0.65   0.65   0.825  0.825
 0.8625 0.875  0.9625 0.9625 1.    ]","LogisticRegression(C=1.0, class_weight=None, dual=False, fit_intercept=True,
          intercept_scaling=1, max_iter=100, multi_class='warn',
          n_jobs=None, penalty='l2', random_state=None, solver='warn',
          tol=0.0001, verbose=0, warm_start=False)",Logistic Regression,"[0.         0.         0.         0.14285714 0.14285714 0.28571429
 0.28571429 0.57142857 0.57142857 0.71428571 0.71428571 0.85714286
 0.85714286 1.         1.        ]",Games,"['analizo_cbo_mean', 'analizo_dit_mean', 'analizo_nom_mean', 'analizo_npm_mean', 'analizo_acc_mean', 'analizo_npa_mean', 'analizo_amloc_mean', 'analizo_noc_mean', 'analizo_rfc_mean', 'analizo_noa_mean', 'analizo_anpm_mean', 'analizo_lcom4_mean', 'analizo_sc_mean', 'analizo_mmloc_mean', 'analizo_accm_mean']"
0,agent,0.7658730158730159,0.46153846153846156,"RFE(estimator=LogisticRegression(C=1.0, class_weight=None, dual=False, fit_intercept=True,
          intercept_scaling=1, max_iter=100, multi_class='warn',
          n_jobs=None, penalty='l2', random_state=None, solver='warn',
          tol=0.0001, verbose=0, warm_start=False),
  n_features_to_select=4, step=1, verbose=0)","[0.         0.03571429 0.08333333 0.08333333 0.35714286 0.35714286
 0.78571429 0.78571429 0.86904762 0.86904762 0.91666667 0.91666667
 0.98809524 0.98809524 1.        ]","LogisticRegression(C=1.0, class_weight=None, dual=False, fit_intercept=True,
          intercept_scaling=1, max_iter=100, multi_class='warn',
          n_jobs=None, penalty='l2', random_state=None, solver='warn',
          tol=0.0001, verbose=0, warm_start=False)",Logistic Regression,"[0.         0.         0.         0.11111111 0.11111111 0.22222222
 0.22222222 0.33333333 0.33333333 0.44444444 0.44444444 0.66666667
 0.66666667 1.         1.        ]",Robocup-2D,"['analizo_acc_mean', 'analizo_anpm_mean', 'analizo_dit_mean', 'analizo_lcom4_mean', 'analizo_nom_mean', 'analizo_npm_mean', 'analizo_cbo_mean', 'analizo_npa_mean', 'analizo_noa_mean', 'analizo_amloc_mean', 'analizo_sc_mean', 'analizo_rfc_mean', 'analizo_accm_mean', 'analizo_noc_mean', 'analizo_mmloc_mean']"
12,agent,0.9397590361445782,0.0,"RFE(estimator=LogisticRegression(C=1.0, class_weight=None, dual=False, fit_intercept=True,
          intercept_scaling=1, max_iter=100, multi_class='warn',
          n_jobs=None, penalty='l2', random_state=None, solver='warn',
          tol=0.0001, verbose=0, warm_start=False),
  n_features_to_select=4, step=1, verbose=0)","[0.         0.04819277 0.92771084 0.92771084 0.95180723 0.95180723
 1.        ]","LogisticRegression(C=1.0, class_weight=None, dual=False, fit_intercept=True,
          intercept_scaling=1, max_iter=100, multi_class='warn',
          n_jobs=None, penalty='l2', random_state=None, solver='warn',
          tol=0.0001, verbose=0, warm_start=False)",Logistic Regression,[0.  0.  0.  0.5 0.5 1.  1. ],Anac,"['analizo_cbo_mean', 'analizo_lcom4_mean', 'analizo_nom_mean', 'analizo_npa_mean', 'analizo_dit_mean', 'analizo_acc_mean', 'analizo_noc_mean', 'analizo_noa_mean', 'analizo_anpm_mean', 'analizo_npm_mean', 'analizo_sc_mean', 'analizo_rfc_mean', 'analizo_mmloc_mean', 'analizo_amloc_mean', 'analizo_accm_mean']"
13,Robot,,0.0,"RFE(estimator=LogisticRegression(C=1.0, class_weight=None, dual=False, fit_intercept=True,
          intercept_scaling=1, max_iter=100, multi_class='warn',
          n_jobs=None, penalty='l2', random_state=None, solver='warn',
          tol=0.0001, verbose=0, warm_start=False),
  n_features_to_select=4, step=1, verbose=0)",[0.         0.04938272 1.        ],"LogisticRegression(C=1.0, class_weight=None, dual=False, fit_intercept=True,
          intercept_scaling=1, max_iter=100, multi_class='warn',
          n_jobs=None, penalty='l2', random_state=None, solver='warn',
          tol=0.0001, verbose=0, warm_start=False)",Logistic Regression,[nan nan nan],Robo-Projects,"['analizo_anpm_mean', 'analizo_lcom4_mean', 'analizo_nom_mean', 'analizo_npm_mean', 'analizo_noa_mean', 'analizo_acc_mean', 'analizo_sc_mean', 'analizo_rfc_mean', 'analizo_mmloc_mean', 'analizo_amloc_mean', 'analizo_accm_mean', 'analizo_dit_mean', 'analizo_cbo_mean', 'analizo_npa_mean', 'analizo_noc_mean']"
